Name,Team,G,PA,HR,R,RBI,SB,BB%,K%,ISO,BABIP,AVG,OBP,SLG,wOBA,xwOBA,wRC+,BsR,Off,Def,WAR,NameASCII,PlayerId,MLBAMID
"Mike Trout","LAA",3,15,2,4,3,1,0.4,0.066666666,0.666666667,0.5,0.555555555,0.733333333,1.222222222,0.74790385166804,0.6722807884216309,391.17442533118805,0.15684820665046573,5.197329440061864,-0.2913239551708102,0.5587988559547776,"Mike Trout",10155,545361
"Shea Langeliers","ATH",2,9,3,3,6,0,0.111111111,0.222222222,1.125,0.666666666,0.625,0.666666666,1.75,0.9846023983425565,0.8120224475860596,549.7641251084607,-0.03095726203173399,4.640526429214143,-0.09063364565372467,0.4996481389235704,"Shea Langeliers",25816,669127
"Chase DeLauter","CLE",3,14,4,5,5,0,0,0.357142857,0.857142857,0.2,0.357142857,0.357142857,1.214285714,0.6678698446069445,0.4259999990463257,339.38222519956224,0.04330993490293622,3.9109624763913957,-0.2779821967706084,0.42474733529571107,"Chase DeLauter",32127,800050
"Andrés Giménez","TOR",2,9,0,0,4,1,0.111111111,0,0.25,0.75,0.75,0.777777777,1,0.7666786975330777,0.452355768945482,405.69046400682146,0.18235707748681307,3.3574169309886503,0.29598696157336235,0.4079119813817044,"Andres Gimenez",19950,665926
"Sal Stewart","CIN",2,9,1,1,2,0,0.111111111,0,0.625,0.571428571,0.625,0.666666666,1.25,0.803209039900038,0.7559002488851547,412.4308963168629,0.007706644479185343,3.3536151502870117,-0.1496728085912764,0.3561533365967766,"Sal Stewart",31505,701398
"Jake Burger","TEX",2,9,2,2,4,0,0,0.444444444,0.666666667,1,0.555555555,0.555555555,1.222222222,0.7721910145547655,0.4507777690887451,410.2345975091012,-0.02303094428498298,3.199226638785936,-0.2563752196729183,0.33520237582988777,"Jake Burger",22275,669394
"Luke Raley","SEA",3,10,3,3,5,0,0.1,0.3,1,0,0.333333333,0.4,1.333333333,0.7041717410087586,0.8791202068328857,369.37587211266106,-0.00989466265309602,3.098858281733702,-0.22973014041781425,0.3314434537133063,"Luke Raley",19354,670042
"Munetaka Murakami","CHW",2,8,2,2,2,0,0.375,0.125,1.2,0,0.4,0.625,1.6,0.7943227738142014,0.7114507555961609,423.53434235537645,-0.01403576647862792,2.9729825778721892,-0.09322292357683182,0.3249612512872967,"Munetaka Murakami",37120,808959
"Chase Meidroth","CHW",2,8,1,1,1,0,0.25,0.125,0.666666666,0.5,0.5,0.625,1.166666666,0.7170863822102547,0.5880504995584488,371.24291575275066,-0.028692306485027075,2.4755474574616443,-0.001546839252114296,0.2834406309738081,"Chase Meidroth",31580,805367
"Ramón Laureano","SDP",3,12,1,1,2,1,0,0.166666666,0.333333334,0.444444444,0.416666666,0.416666666,0.75,0.5111207515001297,0.635666678349177,229.15255713492493,0.16567963967099786,2.0098533734847153,0.19372117146849632,0.2632205832086038,"Ramon Laureano",17128,657656
"Nolan Schanuel","LAA",3,15,2,2,4,0,0.133333333,0.266666666,0.461538462,0.285714285,0.307692307,0.4,0.769230769,0.4975208838780721,0.414026935895284,221.6574099600597,-0.008553032297641039,2.0974419949498153,-0.09853167459368706,0.26132083622608987,"Nolan Schanuel",33189,694384
"Michael Busch","CHC",2,10,0,3,1,0,0.2,0,0.25,0.5,0.5,0.6,0.75,0.5830273032188416,0.34824039936065676,274.44544773028167,-0.02841171174077317,2.04734866436153,0.14290912449359894,0.25556913399323067,"Michael Busch",26319,683737
"Corey Seager","TEX",2,9,1,2,1,0,0.111111111,0.333333333,0.375,0.75,0.5,0.555555555,0.875,0.6167900893423293,0.41002244419521755,305.0233634525505,-0.08513111434876919,2.0443479730773366,0.1114275585860014,0.25466226168739553,"Corey Seager",13624,608369
"Giancarlo Stanton","NYY",3,12,1,2,2,0,0,0.25,0.25,0.625,0.5,0.5,0.75,0.5549451559782028,0.48883333802223206,262.8716594039444,-0.08126275381073356,2.1742967219128286,-0.3024691343307495,0.23696151985925704,"Giancarlo Stanton",4949,519317
"Brice Turang","MIL",2,10,0,2,0,0,0.1,0.1,0.333333333,0.625,0.555555555,0.6,0.888888888,0.6412611246109009,0.5169202089309692,311.65820954206237,-0.40038508689031005,2.118177193528001,-0.142183568328619,0.23364385274316468,"Brice Turang",22186,668930
"Alec Burleson","STL",2,9,1,3,4,1,0.111111111,0,0.428571429,0.428571428,0.571428571,0.555555555,1,0.6049547120928764,0.591624990105629,289.1949890174907,0.20409519271925092,2.2302364305814346,-0.2966686636209488,0.2261581037553456,"Alec Burleson",27615,676475
"Brandon Lowe","PIT",2,9,2,2,3,0,0,0.111111111,0.666666667,0.166666666,0.333333333,0.333333333,1,0.5700016617774963,0.27655555142296684,262.2611072914396,-0.002850764663890004,1.7348481167476708,0.15893924422562122,0.22208744361960606,"Brandon Lowe",18882,664040
"Pete Crow-Armstrong","CHC",2,10,0,2,2,2,0.1,0.3,0,0.666666666,0.444444444,0.5,0.444444444,0.4350881457328796,0.22882019877433776,177.30466583653723,0.3658087636868004,1.285672046559148,0.5033253282308578,0.21450884988976818,"Pete Crow-Armstrong",27769,691718
"Michael Harris II","ATL",2,8,1,2,3,0,0,0.25,0.375,0.6,0.5,0.5,0.875,0.6049547120928764,0.3033750057220459,286.6077344673355,-0.08799055544659495,1.6883948813596195,0.15604127198457718,0.21389303560759734,"Michael Harris II",25931,671739
"Jonathan Aranda","TBR",2,11,1,2,2,0,0.272727272,0.181818181,0.428571429,0.4,0.428571428,0.545454545,0.857142857,0.5512913573871959,0.49623688784512604,258.36143548446364,-0.07069250429049134,1.9396480376312577,-0.28876786306500435,0.21056729988248493,"Jonathan Aranda",21837,666018
"Oswald Peraza","LAA",3,12,1,2,2,0,0.083333333,0.416666666,0.272727273,0.6,0.363636363,0.416666666,0.636363636,0.46259256700674695,0.3005168338616689,198.00985884975088,-0.0932890959084034,1.2640192697822008,0.3187044281512499,0.20737801890004656,"Oswald Peraza",22823,672724
"David Hamilton","MIL",2,9,0,3,1,3,0.444444444,0,0,0.25,0.25,0.625,0.25,0.46946806460618973,0.4608509987592697,198.85432140068133,0.5753681529313326,1.6340263032922075,0.08684303052723408,0.20439304100057515,"David Hamilton",27531,666152
"Garrett Mitchell","MIL",2,9,0,2,3,2,0.333333333,0.111111111,0,0.5,0.4,0.625,0.4,0.49426543712615967,0.3873257488012314,215.1369351213179,0.37486776802688837,1.6079009126245944,0.09690948063507676,0.20274975739055082,"Garrett Mitchell",27555,669003
"Kevin McGonigle","DET",3,13,0,2,4,0,0.076923076,0.23076923,0.166666667,0.555555555,0.416666666,0.461538461,0.583333333,0.4637424624883212,0.4514770754254781,199.7277584099624,0.13099856860935688,1.6271891821611273,-0.15207206457853317,0.20015187704173945,"Kevin McGonigle",33572,805808
"Joey Ortiz","MIL",2,7,0,2,3,2,0,0.142857142,0,0.666666666,0.571428571,0.571428571,0.571428571,0.5199154785701207,0.3605714270046779,231.97943391484895,0.3500148169696331,1.4493291187283377,0.2719923220574856,0.19815053572632252,"Joey Ortiz",25493,687401
"Dillon Dingler","DET",3,10,1,1,4,0,0,0.2,0.333333333,0.333333333,0.333333333,0.4,0.666666666,0.46732553243637087,0.4252686908468604,202.1536076153639,0.05321271391585469,1.2321242695921506,0.2975941358599812,0.1943839722450354,"Dillon Dingler",27464,693307
"Christian Yelich","MIL",2,10,0,3,2,1,0.1,0.2,0,0.714285714,0.555555555,0.6,0.555555555,0.5260733544826508,0.3719201922416687,236.02285886814167,0.20452856738120317,1.8230910713406083,-0.23417509580031037,0.194034866389173,"Christian Yelich",11477,592885
"Owen Caissie","MIA",2,8,0,1,2,1,0,0.25,0.25,0.666666666,0.5,0.5,0.75,0.550915852189064,0.40699999779462814,250.2647909181965,0.2546595809981227,1.6850836039559656,-0.08041573688387871,0.1893579616051682,"Owen Caissie",27496,683357
"Cody Bellinger","NYY",3,13,0,2,0,0,0.153846153,0.153846153,0.181818182,0.444444444,0.363636363,0.461538461,0.545454545,0.4455290161646329,0.39303107445056623,188.79354770832288,0.12367547256872058,1.4558228580441233,-0.0962175470776856,0.1883317536736919,"Cody Bellinger",15998,641355
"Brayan Rocchio","CLE",3,11,0,3,2,0,0.181818181,0.09090909,0.142857143,0.333333333,0.285714285,0.545454545,0.428571428,0.4648680957880887,0.5578777909278869,201.94376091968203,0.013970662374049425,1.308109446515855,0.12280999030917883,0.18805909805972584,"Brayan Rocchio",23690,677587
"Will Smith","LAD",3,11,2,2,5,0,0,0.09090909,0.545454546,0.125,0.272727272,0.272727272,0.818181818,0.4663649959997697,0.4814545647664504,196.5742782507701,-0.02551748463883996,1.2385542869497954,0.2570239380002022,0.18762816011841418,"Will Smith",19197,669257
"Colt Keith","DET",3,11,0,2,0,0,0.181818181,0.181818181,0.111111111,0.571428571,0.444444444,0.545454545,0.555555555,0.49511943622068927,0.41458217122338037,220.97094034616777,0.06651277793571353,1.602194650408746,-0.1868925942108035,0.1864609985138379,"Colt Keith",27899,690993
"Luis Robert Jr.","NYM",2,10,1,2,5,0,0.2,0.1,0.375,0.333333333,0.375,0.5,0.75,0.5352731823921204,0.41214039325714114,244.57937811844226,-0.05317542515695095,1.6672027687400457,-0.17836440354585648,0.1837940976286146,"Luis Robert Jr.",20043,673357
"Austin Riley","ATL",2,8,0,1,0,0,0.125,0.25,0,0.8,0.571428571,0.625,0.571428571,0.5438601821660995,0.3422752395272255,246.49144269325913,-0.0009491299279034138,1.3935550483680317,0.10626936703920364,0.17862951254602982,"Austin Riley",18360,663586
"Francisco Alvarez","NYM",2,8,1,2,1,0,0.125,0.125,0.5,0.25,0.333333333,0.5,0.833333333,0.5593595430254936,0.5504861325025558,260.39512254109525,-0.01931448286632076,1.5075437721253762,-0.025625756941735744,0.17679718158419272,"Francisco Alvarez",26121,682626
"Junior Caminero","TBR",2,10,0,2,0,0,0.5,0.1,0,0.5,0.4,0.7,0.4,0.5377069711685181,0.5126009941101074,249.164385749952,-0.05367554537951946,1.6677675065203612,-0.3351292032748461,0.1742171062794588,"Junior Caminero",28163,691406
"Victor Scott II","STL",2,8,0,2,0,2,0,0.125,0,0.6,0.5,0.5,0.5,0.4549260437488556,0.32900000860293704,190.68217877116774,0.3793045113743574,1.242540444262001,0.1757546365261078,0.17028675675730584,"Victor Scott II",31349,687363
"Brendan Donovan","SEA",3,13,1,2,1,1,0.153846153,0.23076923,0.363636364,0.428571428,0.363636363,0.461538461,0.727272727,0.5112725496292114,0.4038003132893489,238.77715176521775,-0.2034407751634717,1.8785981190931373,-0.7378862705081701,0.16593276429240927,"Brendan Donovan",24679,680977
"Wilyer Abreu","BOS",2,9,1,1,2,0,0,0.111111111,0.444444444,0.285714285,0.333333333,0.333333333,0.777777777,0.4793049825562371,0.32462499290704727,206.26766194293924,0.03374564973637462,1.1374967538369014,0.14314663782715797,0.16511150353408896,"Wilyer Abreu",23772,677800
"Elly De La Cruz","CIN",2,10,1,1,1,0,0.2,0.4,0.375,0.333333333,0.25,0.4,0.625,0.44428797364234923,0.4980505108833313,176.75378684220075,0.048936324659734964,0.9622445910306561,0.29001015797257423,0.15958490540700485,"Elly De La Cruz",26668,682829
"JJ Wetherholt","STL",2,10,1,2,4,1,0,0.1,0.333333333,0.25,0.333333333,0.3,0.666666666,0.39297856092453004,0.36055556270811295,150.0058154596131,0.16784308198839426,0.7628720245965102,0.46062304824590683,0.15664197749163133,"JJ Wetherholt",34985,802139
"Adley Rutschman","BAL",2,8,0,0,0,0,0.25,0.125,0.166666667,0.4,0.333333333,0.5,0.5,0.45332620292901993,0.3694254904985428,194.39272711693923,-0.04417497990652919,0.8273022345954657,0.3687475696206093,0.15267013467385118,"Adley Rutschman",26288,668939
"Matt McLain","CIN",2,10,0,1,1,0,0.3,0.1,0.142857143,0.5,0.428571428,0.6,0.571428571,0.5247934818267822,0.5376605987548828,229.6158427352197,-0.4405391567852348,1.1017850136962435,0.03415113811206538,0.14768222455455335,"Matt McLain",29695,680574
"Roman Anthony","BOS",2,11,0,1,1,0,0.181818181,0.272727272,0,0.666666666,0.444444444,0.545454545,0.444444444,0.46021405133334076,0.36484040021896363,193.3425108828417,0.00852078665047884,1.193469845355864,-0.19239583238959312,0.14407375934811897,"Roman Anthony",31812,701350
"Manny Machado","SDP",3,12,0,1,0,0,0.333333333,0.166666666,0.125,0.333333333,0.25,0.5,0.375,0.42079631984233856,0.4689006706078847,169.843135177601,-0.016846520360559225,0.9804459703113291,0.02151662763208151,0.1402617111222841,"Manny Machado",11493,592518
"Yordan Alvarez","HOU",3,14,1,2,1,0,0.142857142,0.214285714,0.363636364,0.285714285,0.272727272,0.428571428,0.636363636,0.42143454651037854,0.4379739270855983,171.9207959774467,-0.011234492936637253,1.1507759659274288,-0.32401973847299814,0.13759128201700455,"Yordan Alvarez",19556,670541
"Marcelo Mayer","BOS",2,7,0,2,0,0,0,0.428571428,0.285714286,0.75,0.428571428,0.428571428,0.714285714,0.4996392471449716,0.31571429116385324,220.03458815710806,0.029342958237975836,0.9990308278476208,0.07687226450070739,0.13659067608865916,"Marcelo Mayer",29668,691785
"Carlos Narváez","BOS",2,7,0,1,0,0,0,0.142857142,0,0.6,0.5,0.5,0.5,0.4549260437488556,0.47816667954126996,189.76236615137674,-0.058382493909448385,0.6667541432948597,0.34180433116853237,0.12969941782776875,"Carlos Narvaez",19722,665966
"Randy Arozarena","SEA",3,13,0,4,0,1,0.307692307,0.076923076,0.111111111,0.25,0.222222222,0.461538461,0.333333333,0.38842737216215867,0.4379083009866568,155.6071661197895,0.17267218488268554,1.0069325886172973,-0.24956191331148148,0.12670612510332138,"Randy Arozarena",19290,668227
"Carson Benge","NYM",2,8,1,2,1,1,0.25,0.5,0.5,0,0.166666666,0.375,0.666666666,0.44162845611572266,0.399425508454442,183.08976248656913,0.20511229615658522,0.9960733163423005,-0.02589484490454197,0.12443175923836423,"Carson Benge",35177,701807
"Ernie Clement","TOR",2,10,0,1,1,0,0,0,0.2,0.4,0.4,0.4,0.6,0.44073268175125124,0.2967999935150146,185.01492742721328,-0.06846425961703062,0.9126570408298228,-0.07803101371973753,0.12325637148389021,"Ernie Clement",20352,676391
"Vladimir Guerrero Jr.","TOR",2,10,0,1,1,0,0.4,0,0,0.333333333,0.333333333,0.6,0.333333333,0.439347055223253,0.3754006624221802,184.07681540019095,-0.10867625894024968,0.8616186875971092,-0.027970872819423676,0.12315627270794838,"Vladimir Guerrero Jr.",19611,665489
"Geraldo Perdomo","ARI",3,12,1,1,2,1,0,0.166666666,0.333333333,0.333333333,0.333333333,0.333333333,0.666666666,0.43529974420865375,0.36283333599567413,174.7006623659921,-0.2159808522555977,0.8506724335166025,-0.025375474244356155,0.1221838218990019,"Geraldo Perdomo",22799,672695
"Gleyber Torres","DET",3,14,0,3,0,0,0.357142857,0.214285714,0,0.333333333,0.222222222,0.5,0.222222222,0.3840764079775129,0.3396435763154711,145.79137485213906,-0.09440545877441764,0.6454369717881765,0.029368292540311813,0.12204240279281735,"Gleyber Torres",16997,650402
"Alec Bohm","PHI",2,9,1,2,3,0,0.111111111,0,0.375,0.142857142,0.25,0.333333333,0.625,0.4146007365650601,0.34380022684733075,160.49045343753235,-0.03620365168899298,0.6116052720211168,0.28777654003351927,0.12033164384107885,"Alec Bohm",21618,664761
"Nick Gonzales","PIT",2,10,0,1,3,0,0,0.4,0.1,0.666666666,0.4,0.4,0.5,0.40233675837516786,0.2903999924659729,152.16787646993234,0.06537751527503133,0.6861332431580223,0.1411136146634817,0.11609458304666621,"Nick Gonzales",27490,693304
"Mookie Betts","LAD",3,13,1,3,4,0,0.076923076,0.076923076,0.272727273,0.111111111,0.181818181,0.307692307,0.454545454,0.34422125724645763,0.3289914681361272,116.37145374132356,0.011299157980829477,0.2645484117897714,0.4699498638510704,0.11603693395827416,"Mookie Betts",13611,605141
"Ryan O'Hearn","PIT",2,10,1,2,1,0,0.1,0.1,0.333333333,0.285714285,0.333333333,0.4,0.666666666,0.4641258716583252,0.29152019023895265,192.7402501325078,-0.19388795224949718,0.9096463560376391,-0.12493203883059323,0.11174230173493864,"Ryan O'Hearn",16442,656811
"Byron Buxton","MIN",2,8,0,2,0,0,0,0.25,0.25,0.5,0.375,0.375,0.625,0.4323848634958267,0.21262500435113907,177.9839586611724,-0.05788122210651636,0.6621026701448739,0.10388326714746654,0.10866244306125093,"Byron Buxton",14161,621439
"Bobby Witt Jr.","KCR",2,8,0,0,0,1,0,0.25,0,0.5,0.375,0.375,0.375,0.3411945328116417,0.5046250075101852,113.95725623040245,0.0924495873041451,0.22130941743377985,0.5174382701516151,0.10587520008326126,"Bobby Witt Jr.",25764,677951
"Jorge Polanco","NYM",2,10,0,2,1,0,0.5,0.1,0,0.25,0.2,0.6,0.2,0.44672176241874695,0.462401008605957,186.43416274616277,-0.036562466993927956,0.9919344786384225,-0.27730241045355797,0.10457090641510686,"Jorge Polanco",13152,593871
"Carlos Correa","HOU",3,13,0,1,2,0,0.076923076,0.153846153,0,0.4,0.333333333,0.384615384,0.333333333,0.33468318902529204,0.25032323140364426,113.18744310577071,-0.06230983743444085,0.13553807277819974,0.4011532608419657,0.10412438978191166,"Carlos Correa",14162,621043
"Royce Lewis","MIN",2,7,1,2,2,1,0.142857142,0.142857142,0.6,0,0.2,0.428571428,0.8,0.5092891795294625,0.41641271114349365,230.05055982917045,0.21209406200796366,1.262694994942661,-0.5221260115504265,0.10227651675301133,"Royce Lewis",20437,668904
"Connor Norby","MIA",2,8,0,0,0,0,0,0.125,0.166666667,0.4,0.333333333,0.5,0.5,0.46132535487413406,0.4716717451810837,191.43728975274252,0.02262507425621152,0.8930491773162798,-0.14345881808549166,0.10185935927170647,"Connor Norby",29592,681393
"TJ Rumfield","COL",2,8,1,1,1,0,0.125,0.125,0.428571429,0.2,0.285714285,0.375,0.714285714,0.4664258286356926,0.3887752592563629,182.62329574306696,-0.08965677488595247,0.6968637823560536,0.04861524701118469,0.10143865399821544,"TJ Rumfield",29805,681198
"Christian Walker","HOU",3,12,0,1,1,0,0.166666666,0.083333333,0.2,0.333333333,0.3,0.416666666,0.5,0.41003507872422534,0.3852003316084544,164.20300361726902,0.013145626056939363,0.9022732601021428,-0.35702837631106377,0.10121460639582816,"Christian Walker",13419,572233
"Kazuma Okamoto","TOR",2,10,0,2,0,0,0.2,0.3,0,0.6,0.375,0.5,0.375,0.41525024771690366,0.32124040126800535,167.76253122781281,-0.06374734966084361,0.7182713471935737,-0.16270065680146217,0.09470112156489924,"Kazuma Okamoto",37123,672960
"Bryson Stott","PHI",2,7,0,0,0,1,0.142857142,0.142857142,0,0.4,0.333333333,0.428571428,0.333333333,0.36159675461905344,0.39760029315948486,125.68663045235972,0.17548660398460925,0.38944175883463095,0.2835171492770314,0.09087341113052251,"Bryson Stott",26294,681082
"Brandon Marsh","PHI",2,8,0,0,2,0,0,0.25,0.25,0.5,0.375,0.375,0.625,0.43718434125185013,0.30137498676776886,175.31944837392834,-0.020052265841513872,0.6969403689045237,-0.10277563147246838,0.08595492423571628,"Brandon Marsh",20202,669016
"Drake Baldwin","ATL",2,9,1,2,1,0,0.222222222,0.111111111,0.428571429,0,0.142857142,0.333333333,0.571428571,0.39255862765842015,0.4930448797014024,147.14282156832385,-0.04640544205904007,0.45846001629582855,0.09454548032954335,0.08488755461694748,"Drake Baldwin",31539,686948
"Chandler Simpson","TBR",2,7,0,2,1,0,0,0.142857142,0,0.5,0.428571428,0.428571428,0.428571428,0.3899366089275905,0.1862857128892626,149.11927889426042,0.03963052714243531,0.4364358949868774,0.11096188053488731,0.0825096411835633,"Chandler Simpson",31912,802415
"Ozzie Albies","ATL",2,8,1,2,1,0,0.125,0,0.428571429,0.166666666,0.285714285,0.375,0.714285714,0.4664258286356926,0.2860252410173416,195.64598855381584,-0.40007100347429514,0.5104172013202012,0.04906784929335117,0.08240621186969721,"Ozzie Albies",16556,645277
"Ketel Marte","ARI",3,13,1,1,1,0,0.076923076,0.153846153,0.25,0.222222222,0.25,0.307692307,0.5,0.35701990127563477,0.352246302824754,123.3000374181683,-0.036576149985194206,0.32385104133853154,0.081755755469203,0.08238203781917086,"Ketel Marte",13613,606466
"Agustín Ramírez","MIA",2,8,0,1,0,1,0.25,0,0,0.333333333,0.333333333,0.5,0.333333333,0.4053312987089157,0.4186755120754242,154.6701045819895,0.20448450930416584,0.7249086915350381,-0.16991398762911558,0.08194672245814413,"Agustin Ramirez",26546,682663
"Jarren Duran","BOS",2,10,0,1,1,2,0.1,0.2,0,0.333333333,0.25,0.4,0.25,0.3274646997451782,0.3413611203432083,103.46709294884474,0.4638753291219473,0.5038875816249331,-0.1045786552131176,0.07871112554576082,"Jarren Duran",24617,680776
"Matt Olson","ATL",2,8,0,1,0,0,0,0.625,0.125,1,0.375,0.375,0.5,0.3891894370317459,0.2306250035762787,144.93052147559644,-0.014459981641266495,0.4132496427490843,0.09059038758277893,0.07671215319452904,"Matt Olson",14344,621566
"Yandy Díaz","TBR",2,11,0,1,1,0,0.09090909,0.09090909,0,0.444444444,0.4,0.454545454,0.4,0.3955346779389815,0.48756382682106714,152.90934480420935,-0.07967938715592027,0.5919854066180297,-0.26211871206760406,0.07539027545477651,"Yandy Diaz",16578,650490
"Luis Arraez","SFG",3,12,0,0,0,1,0.083333333,0.083333333,0,0.3,0.272727272,0.333333333,0.272727272,0.28675244748592377,0.2874334951241811,80.49733741040924,0.2710431423038244,-0.007436036777244026,0.3661054247058928,0.07443462965805672,"Luis Arraez",18568,650333
"Alejandro Kirk","TOR",2,10,1,2,1,0,0.1,0.1,0.333333333,0,0.111111111,0.2,0.444444444,0.28215545415878296,0.2728201925754547,77.65323839310632,0.0027100828010588884,-0.25518443610331387,0.6050290465354919,0.07364952765093902,"Alejandro Kirk",22581,672386
"Dansby Swanson","CHC",2,8,0,2,1,0,0.375,0,0,0.2,0.2,0.5,0.2,0.38053392618894577,0.4119507372379303,141.4829156511369,0.03746011666953564,0.43235075423761066,0.0396382138133049,0.07345288908471197,"Dansby Swanson",18314,621020
"Maikel Garcia","KCR",2,8,0,1,0,1,0.25,0.125,0,0.2,0.166666666,0.375,0.166666666,0.2915997877717018,0.35292549431324005,80.38007950999966,0.2608577203936875,0.0797175607689557,0.3370264768600464,0.07292512355910266,"Maikel Garcia",22715,672580
"Trent Grisham","NYY",3,11,0,1,2,1,0.181818181,0.09090909,0.222222222,0.25,0.222222222,0.363636363,0.444444444,0.3611066395586187,0.5144003521312367,131.63698694419932,0.08324445458129048,0.4848644404295035,-0.1810262962244451,0.07272681892001699,"Trent Grisham",18564,663757
"Zach Neto","LAA",3,15,1,4,1,1,0.133333333,0.2,0.307692308,0.111111111,0.153846153,0.266666666,0.461538461,0.3217892646789551,0.25936026573181153,102.68166709739539,0.1179007226601243,0.16432270035718288,-0.014876000583171844,0.07206842298455995,"Zach Neto",31347,687263
"Jorge Soler","LAA",3,15,1,1,2,0,0.266666666,0.333333333,0.272727273,0.2,0.181818181,0.4,0.454545454,0.3910550634066264,0.2981205344200134,149.57675573402184,-0.07033449551090598,0.7878820412145535,-0.6481937617063522,0.07106986071808605,"Jorge Soler",14221,624585
"Salvador Perez","KCR",2,8,1,1,1,0,0,0,0.375,0.142857142,0.25,0.25,0.625,0.37749169021844864,0.5494999885559082,138.5315547314864,-0.027995234820991755,0.327745858941739,0.0649702288210392,0.07046638501089694,"Salvador Perez",7304,521692
"Nico Hoerner","CHC",2,9,0,2,1,1,0.222222222,0.111111111,0.142857143,0.166666666,0.142857142,0.333333333,0.285714285,0.3018619484371609,0.2598004937171936,89.82480456137469,0.24077056255191565,0.13180159255662688,0.23780886083841324,0.06612105706510557,"Nico Hoerner",21479,663538
"Josh Lowe","LAA",3,12,1,1,3,0,0.083333333,0.416666666,0.363636364,0.2,0.181818181,0.25,0.545454545,0.3429471552371979,0.24968350678682327,117.0062135736993,0.0015826744493097067,0.2370964913571461,-0.03846053034067154,0.06574671486439349,"Josh Lowe",19953,666139
"Jake Bauers","MIL",2,10,1,3,3,0,0,0.4,0.3,0.4,0.3,0.3,0.6,0.39297856092453004,0.23760000467300416,148.6292807787897,0.004358665086328983,0.5830079532869437,-0.26610927283763885,0.06387153681518364,"Jake Bauers",15194,641343
"Alek Thomas","ARI",3,11,0,0,3,1,0.09090909,0.181818181,0.2,0.25,0.2,0.272727272,0.4,0.29991779544136743,0.4006547223437916,85.80527739125368,0.08786003990098834,-0.0979363075348687,0.37321172561496496,0.06275668467254865,"Alek Thomas",23792,677950
"Sal Frelick","MIL",2,9,1,2,2,0,0.222222222,0.222222222,0.428571429,0,0.142857142,0.333333333,0.571428571,0.39255862765842015,0.4374893307685852,148.35354143765562,0.0129147469997406,0.5307461378430507,-0.2079177089035511,0.06133393342233358,"Sal Frelick",29622,686217
"Brady House","WSN",2,9,1,3,2,0,0.111111111,0.444444444,0.375,0.333333333,0.25,0.333333333,0.625,0.4146007365650601,0.42924466398027206,162.1013278636501,-0.1456336909905076,0.5194265305511375,-0.20461430144496262,0.06051364955916383,"Brady House",29993,691781
"Nasim Nuñez","WSN",2,7,0,1,2,1,0.142857142,0.285714285,0,0.333333333,0.2,0.428571428,0.2,0.337827844279153,0.32126985277448383,111.6902067539135,0.1926944744773209,0.29006730821280047,0.08191415574401617,0.06007490987660542,"Nasim Nunez",25979,683083
"Cole Young","SEA",3,11,1,2,3,0,0,0.636363636,0.363636364,0.333333333,0.181818181,0.181818181,0.545454545,0.30944479595531116,0.1250909079204906,102.13351851873276,0.023780956864356995,0.05086519465260364,0.12541472911834717,0.059674006862891156,"Cole Young",31680,702284
"Heliot Ramos","SFG",3,11,0,0,0,0,0.09090909,0.454545454,0.1,0.6,0.3,0.363636363,0.4,0.34772623669017444,0.244381999427622,120.53434761771223,-0.04993461770936847,0.218841806424367,-0.07066004630178213,0.04975141049009027,"Heliot Ramos",22515,671218
"Jordan Walker","STL",2,8,0,3,0,0,0.25,0,0.166666667,0.166666666,0.166666666,0.375,0.333333333,0.33959469199180603,0.6183004975318909,114.95254858447854,0.037195916287600994,0.17953454777264535,0.055895209312438965,0.0492461942075753,"Jordan Walker",27475,691023
"Kyle Tucker","LAD",3,13,0,3,2,2,0.153846153,0.307692307,0.090909091,0.285714285,0.181818181,0.307692307,0.272727272,0.27896997103324306,0.29218491797263807,73.52572533486267,0.35079107573255897,-0.05873824341127476,0.13129321485757828,0.048301420616055246,"Kyle Tucker",18345,663656
"Juan Soto","NYM",2,10,0,1,1,0,0.1,0,0,0.333333333,0.333333333,0.4,0.333333333,0.3441029369831085,0.2453201949596405,119.05191514358668,0.035601964220404625,0.2623044150924186,-0.11468615103513002,0.04654936461336624,"Juan Soto",20123,665742
"Ezequiel Tovar","COL",2,8,1,1,2,0,0,0.25,0.375,0.2,0.25,0.25,0.625,0.37749169021844864,0.45400001108646393,124.22677727082036,0.014428674709051847,0.24505198969370645,-0.048038654029369354,0.045315108253209974,"Ezequiel Tovar",24064,678662
"Aaron Judge","NYY",3,13,2,2,3,0,0,0.538461538,0.461538462,0,0.153846153,0.153846153,0.615384615,0.32462791296151966,0.3021538590009396,106.93976048402398,0.002846674295142293,0.10696216492725627,-0.16179214417934418,0.04359503700143531,"Aaron Judge",15640,592450
"William Contreras","MIL",2,10,0,1,3,0,0.3,0,0.142857143,0.142857142,0.142857142,0.4,0.285714285,0.3018619484371609,0.3786004384358724,88.79969183867257,-0.012455855496227741,-0.14573050487180408,0.241900235414505,0.04128472517033205,"William Contreras",20503,661388
"Marcus Semien","NYM",2,9,0,0,1,0,0,0.222222222,0.125,0.333333333,0.25,0.333333333,0.375,0.3274592359860738,0.23263189527723524,108.12321880697908,-0.005931098945438862,0.08106268822868343,0.03466219361871481,0.04014138567936988,"Marcus Semien",12533,543760
"Nathan Church","STL",2,8,0,2,2,0,0,0.125,0,0.428571428,0.375,0.375,0.375,0.3411945328116417,0.25862500071525574,116.00304657828462,0.018403050024062395,0.17074174577717127,-0.02721637487411499,0.03984177733834495,"Nathan Church",31357,701675
"Shohei Ohtani","LAD",3,13,0,2,0,0,0.307692307,0.076923076,0,0.142857142,0.125,0.461538461,0.125,0.3460934024590712,0.44511500688699573,117.60075403519043,-0.043118503876030445,0.22914673880280007,-0.2880658283829689,0.034847907364417154,"Shohei Ohtani",19755,660271
"Jacob Young","WSN",2,7,1,1,2,0,0,0.285714285,0.428571429,0,0.142857142,0.142857142,0.571428571,0.3014402048928397,0.3281428643635341,87.79711582841256,0.007757414365187287,-0.0938857333178525,0.2184386383742094,0.03475597342623748,"Jacob Young",29931,696285
"Leo Rivas","SEA",3,11,0,0,0,0,0.181818181,0.272727272,0.222222222,0.166666666,0.111111111,0.272727272,0.333333333,0.27839281342246314,0.17058218338272788,81.11036567895835,0.10136071871966124,-0.13843628477107883,0.046684764325618744,0.03224681279534716,"Leo Rivas",21009,660844
"Ian Happ","CHC",2,10,1,1,3,0,0,0.4,0.3,0.2,0.2,0.2,0.5,0.3019933521747589,0.4802999973297119,89.91108774718533,0.028718417044728994,-0.09133151584171337,0.08369208872318268,0.03066211362754597,"Ian Happ",17919,664023
"Andy Pages","LAD",3,10,1,1,3,0,0,0.1,0.3,0.125,0.2,0.2,0.5,0.3019933521747589,0.2359000027179718,88.64348917731773,0.0021325594279915094,-0.13300077585369927,0.11971793510019779,0.030084632871800035,"Andy Pages",24816,681624
"Jake Cronenworth","SDP",3,12,0,2,0,0,0.083333333,0.25,0,0.375,0.272727272,0.333333333,0.272727272,0.28675244748592377,0.2808501621087392,81.82636673005194,0.028202522546052933,-0.2312994019058804,0.15510607324540615,0.029935880059859428,"Jake Cronenworth",18036,630105
"Freddie Freeman","LAD",3,13,0,0,1,0,0.076923076,0,0.083333333,0.25,0.25,0.307692307,0.333333333,0.2942298925839938,0.5994001718667837,83.54579531679283,-0.029710264643654227,-0.2842395889103047,0.16629930585622787,0.02880837072632064,"Freddie Freeman",5361,518692
"Justin Crawford","PHI",2,7,0,1,0,0,0.142857142,0.142857142,0,0.4,0.333333333,0.428571428,0.333333333,0.36159675461905344,0.25717170749391827,125.68663045235972,-0.05505120614543557,0.1589039487045861,-0.10294187162071466,0.02773719264268157,"Justin Crawford",31791,702222
"Mauricio Dubón","ATL",2,7,0,0,2,0,0.142857142,0.285714285,0.166666667,0.25,0.166666666,0.285714285,0.333333333,0.2864692040852138,0.23631456920078822,77.48168700673348,-0.01644295919686556,-0.20400781525578826,0.2505348287522793,0.026771718905795078,"Mauricio Dubon",16530,643289
"Willson Contreras","BOS",2,10,0,0,0,0,0.3,0.3,0,0,0,0.4,0,0.2877889037132263,0.31992143392562866,76.60535157252248,-0.02096318919211626,-0.2909509264434972,0.1726313978433609,0.025743101096238,"Willson Contreras",11609,575929
"Hunter Goodman","COL",2,8,0,0,0,0,0,0.125,0,0.428571428,0.375,0.375,0.375,0.3411945328116417,0.2071249894797802,100.39309921738055,-0.04502094117924571,-0.041278889827687126,0.04208814911544323,0.025237884495542276,"Hunter Goodman",29715,696100
"Brandon Nimmo","TEX",2,9,0,2,0,1,0.111111111,0.222222222,0,0.333333333,0.25,0.333333333,0.25,0.28124192025926376,0.31913355986277264,77.84687202314011,0.1728334785439074,-0.05726040906668767,-0.03968966752290726,0.024144746777492808,"Brandon Nimmo",12927,607043
"Tyler Soderstrom","ATH",2,9,0,0,1,0,0.111111111,0.444444444,0.125,0.5,0.25,0.333333333,0.375,0.32390405734380084,0.2691335611873203,102.45090801809064,-0.007661347510293126,0.017795055515388666,-0.14305342361330986,0.021248008272839645,"Tyler Soderstrom",27467,691016
"Ceddanne Rafaela","BOS",2,9,0,1,1,0,0,0.111111111,0,0.375,0.333333333,0.333333333,0.333333333,0.30328402916590375,0.22914286170686995,87.09603088159777,0.051005393732339144,-0.08302192842106673,-0.09498897008597851,0.01584993308313594,"Ceddanne Rafaela",24262,678882
"Bryan Reynolds","PIT",2,10,0,1,1,0,0.1,0.4,0,0.6,0.333333333,0.4,0.333333333,0.3441029369831085,0.2318202018737793,113.93000193544951,-0.015804894734174013,0.1499509127853314,-0.3149331733584404,0.014561493639050805,"Bryan Reynolds",19326,668804
"Coby Mayo","BAL",2,7,0,0,0,1,0.285714285,0.285714285,0,0,0,0.285714285,0,0.2032780306679862,0.3533434271812439,25.102378676574848,0.1958030266687274,-0.4092501998636392,0.2219969443976879,0.007334071922545743,"Coby Mayo",28312,691723
"Brett Baty","NYM",2,9,0,2,3,1,0,0.333333333,0.222222222,0.333333333,0.222222222,0.222222222,0.444444444,0.2832474244965447,0.24755555391311646,79.09256857200515,0.2789184800349176,0.05501503938871741,-0.266836229711771,0.006624162676880454,"Brett Baty",26123,683146
"Jackson Merrill","SDP",3,12,0,1,1,0,0.083333333,0.25,0.090909091,0.25,0.181818181,0.25,0.272727272,0.24292804300785065,0.11318349838256836,53.05009823310785,0.01906082220375538,-0.6513384138964107,0.30960342194885015,0.002763460968191477,"Jackson Merrill",29490,701538
"Daulton Varsho","TOR",2,10,0,1,1,0,0.2,0.1,0,0.285714285,0.25,0.4,0.25,0.28124192025926376,0.43902243508232963,77.03474768084372,0.03798408294096589,-0.22704817553801188,-0.14116266556084156,0.00017215533003243693,"Daulton Varsho",19918,662139
"Trevor Story","BOS",2,11,1,1,2,0,0,0.454545454,0.272727273,0.2,0.181818181,0.181818181,0.454545454,0.27453941106796265,0.3785454576665705,67.635035147921,0.06351712485775352,-0.34734427445300314,-0.09769965708255768,-0.0039049885348545216,"Trevor Story",12564,596115
"Steven Kwan","CLE",3,14,0,1,1,0,0,0.142857142,0,0.333333333,0.285714285,0.285714285,0.285714285,0.25995773928506033,0.23564285891396658,63.21311019041542,-0.04372319858521223,-0.6380818973018114,0.0781946936622262,-0.004301541783151825,"Steven Kwan",24610,680757
"Daylen Lile","WSN",2,9,0,1,1,0,0.111111111,0.222222222,0,0.333333333,0.25,0.333333333,0.25,0.28124192025926376,0.3922446568806966,74.53438542247423,-0.020366187003673986,-0.29308446622965983,-0.027066394686698914,-0.004461025135026939,"Daylen Lile",29995,695734
"Jazz Chisholm Jr.","NYY",3,12,0,1,0,1,0,0.333333333,0,0.285714285,0.181818181,0.25,0.181818181,0.21359782417615256,0.25264057517051697,31.768955403244288,0.19448103662580252,-0.7504296970276065,0.25108896056190133,-0.0056760332852994495,"Jazz Chisholm Jr.",20454,665862
"Jo Adell","LAA",3,14,0,2,0,0,0.071428571,0.142857142,0,0.3,0.25,0.357142857,0.25,0.29889279178210665,0.17270635813474655,87.18004659078203,-0.07519028289243579,-0.2823198028206188,-0.3024563454091549,-0.006848384432181784,"Jo Adell",20220,666176
"Fernando Tatis Jr.","SDP",3,12,0,1,1,1,0.083333333,0.25,0,0.25,0.181818181,0.25,0.181818181,0.21093144019444784,0.2713501776258151,32.04027860146322,0.10666270973160863,-0.8637364518548594,0.4082276299595833,-0.008878818253586029,"Fernando Tatis Jr.",19709,665487
"Logan O'Hoppe","LAA",3,12,0,1,0,0,0,0.416666666,0,0.5,0.272727272,0.333333333,0.272727272,0.2894188314676285,0.14239058333138624,80.765882358964,-0.10149948298931122,-0.36786685752942594,-0.18309637159109116,-0.010958473666252345,"Logan O'Hoppe",24729,681351
"Cam Smith","HOU",3,13,0,1,0,1,0.153846153,0.384615384,0,0.166666666,0.09090909,0.23076923,0.09090909,0.1794460232441242,0.21787723211141732,8.08707925046618,0.2580275391228497,-1.1209190198107626,0.525744903832674,-0.011697443866136503,"Cam Smith",35108,701358
"Otto Lopez","MIA",2,8,0,1,0,1,0.125,0.125,0,0.166666666,0.142857142,0.25,0.142857142,0.20266564935445786,0.32840025424957275,21.594453916859816,0.240885010920465,-0.5054852862405489,0.12064432725310326,-0.014225035273992118,"Otto Lopez",19608,672640
"Jose Altuve","HOU",3,13,0,1,0,1,0.23076923,0.23076923,0,0.285714285,0.2,0.384615384,0.2,0.3041633459237906,0.3836620037372296,92.52456512398437,-0.21505766874179244,-0.32720974828351834,-0.2946301398333162,-0.014426106204797727,"Jose Altuve",5417,514888
"Austin Wells","NYY",3,11,0,1,0,0,0.09090909,0.272727272,0,0.285714285,0.2,0.272727272,0.2,0.23010702566667038,0.2834728941829367,42.94619556272966,-0.024559945799410343,-0.7488371398033267,0.19537976384162903,-0.014998748778170364,"Austin Wells",27562,669224
"Yoán Moncada","LAA",3,14,0,1,0,0,0.214285714,0.214285714,0,0.142857142,0.1,0.357142857,0.1,0.2705529374735696,0.2840209262711661,67.9930884648376,-0.06681248126551509,-0.5839419909480641,-0.08300318010151386,-0.015256598408000206,"Yoan Moncada",17232,660162
"José Caballero","NYY",3,12,0,1,1,1,0,0.25,0,0.333333333,0.25,0.25,0.25,0.2274630218744278,0.2651666576663653,41.15612319699719,0.1987758302129805,-0.6161349062346924,-0.000091552734375,-0.017636747089596144,"Jose Caballero",23401,676609
"J.T. Realmuto","PHI",2,8,0,1,0,0,0,0.625,0,0.5,0.142857142,0.25,0.142857142,0.20666522532701492,0.16633587330579758,23.95447142711781,0.01243522483855486,-0.7114692257282826,0.2842797413468361,-0.01855848662650497,"J.T. Realmuto",11739,592663
"Nick Kurtz","ATH",2,9,0,3,0,1,0.333333333,0.555555555,0,0,0,0.333333333,0,0.2371577024459839,0.2838451001379225,43.72094205276281,0.14629968209192157,-0.438243830123065,-0.084803381934762,-0.01945703606659724,"Nick Kurtz",35110,701762
"Cal Raleigh","SEA",3,13,0,0,0,1,0.153846153,0.692307692,0,0.5,0.09090909,0.23076923,0.09090909,0.1794460232441242,0.2048772252522982,14.120327579979723,0.17389140115119517,-1.1145398422497328,0.44334494788199663,-0.019476518624153106,"Cal Raleigh",21534,663728
"Matt Wallner","MIN",2,8,0,0,0,0,0.375,0.25,0,0,0,0.375,0,0.2668024152517319,0.30582574754953384,65.87951852318021,0.0008274544961750507,-0.31418857547876244,-0.18571923673152924,-0.02087427468469552,"Matt Wallner",26466,670242
"Francisco Lindor","NYM",2,10,0,3,0,0,0.3,0.1,0,0,0,0.3,0,0.2134419322013855,0.3523605942726135,33.25642743626176,-0.015168790239840746,-0.809363566256728,0.29693082720041275,-0.020992512832390058,"Francisco Lindor",12916,596019
"Nolan Gorman","STL",2,8,0,1,3,0,0,0.25,0,0.333333333,0.25,0.25,0.25,0.2274630218744278,0.20650000870227814,41.32391438540153,-0.0392432501539588,-0.5978017915353847,0.12625253573060036,-0.02309774530630909,"Nolan Gorman",22263,669357
"Matt Chapman","SFG",3,12,0,0,1,0,0.25,0.166666666,0,0.142857142,0.111111111,0.333333333,0.111111111,0.25368928412596387,0.3396338224411011,58.78718578289389,0.026009587571024895,-0.5624695812644099,-0.05209569912403822,-0.025154790528190467,"Matt Chapman",16505,656305
"Jeff McNeil","ATH",2,8,0,1,0,1,0.125,0.25,0,0.2,0.142857142,0.25,0.142857142,0.20266564935445786,0.2565252557396889,20.368755018209,0.18240548286121339,-0.5527869168464924,-0.022424578201025724,-0.028579970295206782,"Jeff McNeil",15362,643446
"Xavier Edwards","MIA",2,8,0,2,0,0,0,0,0,0.25,0.25,0.25,0.25,0.2274630218744278,0.3713750019669533,37.87706763749633,-0.033989996649324894,-0.6253602989331556,0.09427632112056017,-0.029189830431019765,"Xavier Edwards",22266,669364
"Colson Montgomery","CHW",2,8,0,0,0,0,0.125,0.5,0,0.333333333,0.142857142,0.25,0.142857142,0.20266564935445786,0.20327524445019662,22.96416481194024,-0.11861294228583574,-0.8298433211195181,0.22937552630901337,-0.031164403763647874,"Colson Montgomery",29712,695657
"Ryan McMahon","NYY",3,10,0,1,2,0,0.2,0.3,0,0.2,0.125,0.3,0.125,0.23327983021736146,0.27094039916992185,45.09428240160864,-0.04170219646766782,-0.6753458480278276,-0.012082629837095737,-0.03249283328338078,"Ryan McMahon",15112,641857
"José Ramírez","CLE",3,14,0,1,3,1,0,0.142857142,0.142857143,0.166666666,0.142857142,0.142857142,0.285714285,0.1848301887512207,0.26885714701243807,12.349434234137453,0.2462717778980732,-1.1698815441149915,0.29539739509345964,-0.03649370303972607,"Jose Ramirez",13510,608070
"Xander Bogaerts","SDP",3,12,0,0,1,0,0,0,0.083333333,0.25,0.25,0.25,0.333333333,0.2594596246878306,0.3957500110069911,63.90517404686555,-0.18610309157520533,-0.701502332798188,-0.028144262731075287,-0.03693086244819569,"Xander Bogaerts",12161,593428
"Masyn Winn","STL",2,9,0,1,0,0,0,0.333333333,0.111111111,0.166666666,0.111111111,0.111111111,0.222222222,0.14375681347317165,0.1896666685740153,-13.639806320053498,0.07331476360559464,-1.143685216380376,0.46871962770819664,-0.04076860249645144,"Masyn Winn",27479,691026
"Samuel Basallo","BAL",2,8,0,1,0,0,0.125,0.375,0,0.25,0.142857142,0.25,0.142857142,0.20266564935445786,0.174150250852108,24.687777581881164,-0.030714034102857113,-0.7260312244790504,-0.060781998094171286,-0.05023280906135217,"Samuel Basallo",28824,694212
"Ryan Jeffers","MIN",2,8,0,0,0,0,0.125,0.375,0,0.25,0.142857142,0.25,0.142857142,0.20266564935445786,0.26315024495124817,22.4569437912488,0.007088680751621723,-0.708824596603484,-0.08478689938783646,-0.050928464621122486,"Ryan Jeffers",24618,680777
"James Wood","WSN",2,9,1,1,1,0,0,0.555555555,0.333333333,0,0.111111111,0.111111111,0.444444444,0.2344534926944309,0.12166666198107931,43.811860605757104,0.03256680443882942,-0.5691674534114117,-0.2051493525505066,-0.050935040712007516,"James Wood",29518,695578
"Moisés Ballesteros","CHC",2,7,0,1,0,0,0.142857142,0.428571428,0,0.333333333,0.166666666,0.285714285,0.166666666,0.23161788497652328,0.23388599551149777,43.70068594451942,-0.030720567796379328,-0.49966212395069287,-0.22385114431381226,-0.052025171173387535,"Moises Ballesteros",28820,694208
"Josh Smith","TEX",2,8,0,0,0,0,0.125,0.25,0,0.2,0.142857142,0.25,0.142857142,0.20266564935445786,0.18827524408698082,24.648305681561595,0.0009611737914383411,-0.6947204393829117,-0.16694308910518885,-0.05789211139561434,"Josh Smith",26396,669701
"Julio Rodríguez","SEA",3,13,0,0,1,0,0.153846153,0.461538461,0,0.2,0.09090909,0.23076923,0.09090909,0.1794460232441242,0.19910800227752098,14.120327579979723,0.01118033705279231,-1.2772509063481357,0.2253265455365181,-0.05843590637030716,"Julio Rodriguez",23697,677594
"Trea Turner","PHI",2,9,0,2,0,0,0,0.222222222,0,0.285714285,0.222222222,0.222222222,0.222222222,0.20218935277726915,0.239555557568868,21.01549457658174,0.022736295126378536,-0.823130524188494,-0.05257664620876312,-0.061310141327820936,"Trea Turner",16252,607208
"Denzel Clarke","ATH",2,7,0,1,1,0,0,0.571428571,0,0.333333333,0.142857142,0.142857142,0.142857142,0.12997886964253016,0.10299999799047198,-28.842443580733228,0.006589500466361642,-1.0342517816112466,0.16897493414580822,-0.06204690945637187,"Denzel Clarke",29858,672016
"Jakob Marsee","MIA",2,8,0,0,0,1,0,0.375,0.125,0.2,0.125,0.125,0.25,0.16172641515731812,0.13162500225007534,-5.287335107919805,0.2336464524269104,-0.768621161505153,-0.11122144013643265,-0.06487769715297065,"Jakob Marsee",31370,805300
"Kyle Schwarber","PHI",2,9,1,1,2,0,0,0.555555555,0.333333333,0,0.111111111,0.111111111,0.444444444,0.2344534926944309,0.11822222338782416,42.20098617963933,-0.10352924093604088,-0.7225147966178174,-0.21909232437610626,-0.06805356928397142,"Kyle Schwarber",16478,656941
"Rafael Devers","SFG",3,12,0,0,0,0,0,0.333333333,0.083333333,0.375,0.25,0.25,0.333333333,0.2594596246878306,0.25625000707805157,62.57614472722285,-0.06796854268759489,-0.6023450385397127,-0.4385252706706524,-0.06877784673956595,"Rafael Devers",17350,646240
"Addison Barger","TOR",2,7,0,0,1,0,0.142857142,0.142857142,0,0,0,0.142857142,0,0.1016390153339931,0.25131456766809734,-44.56197538562149,-0.03875998640432954,-1.206589993491701,0.2430057544261217,-0.07210653479463665,"Addison Barger",24598,680718
"Luisangel Acuña","CHW",2,7,0,0,0,0,0,0,0,0.142857142,0.142857142,0.142857142,0.142857142,0.12997886964253016,0.38128570147923063,-26.247033787001993,0.0653305291198194,-0.9545439846930184,-0.026180250570178032,-0.07386044095815918,"Luisangel Acuna",26548,682668
"Isaac Paredes","HOU",3,13,0,2,2,0,0.153846153,0.307692307,0.090909091,0.142857142,0.09090909,0.23076923,0.181818181,0.2089813489180345,0.2235695364383551,28.08340847544526,-0.00498410128057003,-1.0839307347278802,-0.13698349706828594,-0.07572834756314036,"Isaac Paredes",20036,670623
"Adolis García","PHI",2,8,0,1,1,0,0,0.375,0.125,0.2,0.125,0.125,0.25,0.16172641515731812,0.22300000116229057,-5.553545459304821,0.01396122295409441,-0.9908405420552395,0.000674121081829071,-0.0761669427559735,"Adolis Garcia",19287,666969
"Pete Alonso","BAL",2,9,0,0,0,0,0.111111111,0.444444444,0,0.25,0.125,0.222222222,0.125,0.1801472438706292,0.23768910434510973,9.442120410273706,-0.05274192523211241,-0.9933230743293158,-0.11237102188169956,-0.07907828390652093,"Pete Alonso",19251,624413
"Taylor Ward","BAL",2,9,0,0,0,0,0.222222222,0.222222222,0,0,0,0.222222222,0,0.15810513496398926,0.2692671020825704,-5.48106924323865,0.016396302729845047,-1.0791848412445415,-0.06742249429225922,-0.08326486491831508,"Taylor Ward",17548,621493
"Carson Williams","TBR",2,9,0,2,2,0,0,0.222222222,0,0.285714285,0.222222222,0.222222222,0.222222222,0.20218935277726915,0.24877777364518908,22.008578084057874,0.017120301723480225,-0.7929390942978017,-0.373932134360075,-0.08533843405055086,"Carson Williams",30038,700246
"Matt Shaw","CHC",2,7,0,1,1,0,0,0.142857142,0,0.166666666,0.166666666,0.142857142,0.166666666,0.12997886964253016,0.274714286838259,-23.038192309476692,0.018639275338500738,-1.0061995230731644,-0.04624208249151707,-0.08568383897567121,"Matt Shaw",33322,807713
"Jared Triolo","PIT",2,10,0,1,0,0,0,0.1,0.1,0.222222222,0.2,0.2,0.3,0.22036634087562562,0.2151000142097473,32.681264961319364,0.05672902939841151,-0.7443097169876671,-0.40133967250585556,-0.08578847738466436,"Jared Triolo",25807,669707
"Ronald Acuña Jr.","ATL",2,9,0,0,0,0,0.111111111,0.333333333,0,0.2,0.125,0.222222222,0.125,0.1801472438706292,0.18957800335354275,7.667862707373211,0.008494414389133453,-0.9803158702809802,-0.1481156013906002,-0.08717098193515936,"Ronald Acuna Jr.",18401,660670
"Wyatt Langford","TEX",2,9,0,1,0,0,0,0.333333333,0,0.166666666,0.111111111,0.111111111,0.111111111,0.10109467638863458,0.375111096435123,-44.118385349719496,0.12108642747625709,-1.3758019395262242,0.14557044953107834,-0.09182197999773635,"Wyatt Langford",33333,694671
"Willi Castro","COL",2,8,0,2,0,0,0,0.375,0,0.2,0.125,0.125,0.125,0.1137315109372139,0.15425000339746475,-48.965165168385624,-0.014895071741193533,-1.4329474946587044,0.28076680190861225,-0.09274558294769317,"Willi Castro",17338,650489
"Danny Jansen","TEX",2,8,0,0,1,0,0,0.375,0,0.2,0.125,0.125,0.125,0.1137315109372139,0.15162499994039536,-35.562857410571226,-0.039516004268079996,-1.2910948596997815,0.08263372047804296,-0.09337931103951974,"Danny Jansen",16535,643376
"Luke Keaschall","MIN",2,8,0,0,1,0,0,0.125,0,0.142857142,0.142857142,0.125,0.142857142,0.1137315109372139,0.23274999856948853,-37.75421930088402,0.03205169504508376,-1.2397588245673734,0.01158578135073185,-0.09539639607926036,"Luke Keaschall",33321,807712
"Gunnar Henderson","BAL",2,9,0,0,0,1,0,0.555555555,0,0,0,0.111111111,0,0.08260774612426758,0.12429855267206828,-56.595137174403796,0.21523143397644162,-1.4112469545838495,0.13991697318851948,-0.09602751753386964,"Gunnar Henderson",26289,683002
"Yainer Diaz","HOU",3,13,0,1,2,0,0.076923076,0.384615384,0,0.285714285,0.166666666,0.23076923,0.166666666,0.19470594479487494,0.13878476390471825,18.418518241359358,-0.07029622001573443,-1.2942427840721633,-0.14197733160108328,-0.09776022624157199,"Yainer Diaz",23003,673237
"Max Muncy","ATH",2,8,0,1,0,1,0,0.625,0,0.333333333,0.125,0.125,0.125,0.1137315109372139,0.0625,-39.84240807392382,0.20588825643062592,-1.0852013855344314,-0.2307661548256874,-0.10438025511212959,"Max Muncy",29779,691777
"Alex Bregman","CHC",2,10,0,0,0,0,0.1,0.2,0,0.142857142,0.111111111,0.2,0.111111111,0.16213251948356627,0.24432020187377929,-1.9252514263822067,-0.06759658548980951,-1.280425014021066,-0.052263448014855385,-0.10492786215286282,"Alex Bregman",17678,608324
"Iván Herrera","STL",2,9,0,0,2,0,0,0.111111111,0.125,0.125,0.125,0.111111111,0.25,0.14375681347317165,0.36666666136847603,-13.639806320053498,-0.007912398548796773,-1.2249123785347673,-0.09641930740326643,-0.10691012719785126,"Ivan Herrera",20599,671056
"Jake McCarthy","COL",2,7,0,0,0,1,0,0.285714285,0,0.2,0.142857142,0.142857142,0.142857142,0.12997886964253016,0.2140000036784581,-38.29671771225948,-0.07406853744760156,-1.2260022528586068,-0.052342874463647604,-0.10880015560747645,"Jake McCarthy",21622,664983
"Everson Pereira","CHW",2,7,0,0,0,0,0.142857142,0.714285714,0,0,0,0.142857142,0,0.1016390153339931,0.12417171682630267,-45.43399191294645,-0.00922869611531496,-1.1841032048053362,-0.1966133415699005,-0.11479096227989463,"Everson Pereira",23695,677592
"Spencer Steer","CIN",2,9,0,0,0,0,0.222222222,0.333333333,0,0,0,0.222222222,0,0.15810513496398926,0.3601754903793335,-11.16146957951557,0.0026362151838839054,-1.187822574163847,-0.26647235453128815,-0.12051602584011846,"Spencer Steer",26323,668715
"Spencer Torkelson","DET",3,13,0,2,2,0,0.153846153,0.384615384,0,0.333333333,0.181818181,0.307692307,0.181818181,0.24943464535933274,0.32995415192383987,54.63473610469968,-0.47874999791383743,-1.1593537044809241,-0.5067749843001366,-0.12128637285043338,"Spencer Torkelson",27465,679529
"Kyle Manzardo","CLE",3,14,0,0,1,0,0.071428571,0.571428571,0,0.4,0.153846153,0.214285714,0.153846153,0.18079837730952672,0.24822872025626047,9.619773154680775,-0.03614823194220662,-1.4964041626705238,-0.21367864310741425,-0.12199906823461243,"Kyle Manzardo",29794,700932
"Brenton Doyle","COL",2,8,0,0,0,1,0.125,0.25,0,0,0,0.125,0,0.08893413841724396,0.2287752479314804,-65.24777888902217,0.21934278635308146,-1.3537096314416128,-0.08794519864022732,-0.12236697071189273,"Brenton Doyle",25479,686668
"Marcell Ozuna","PIT",2,10,0,0,0,0,0.1,0.1,0,0.125,0.111111111,0.2,0.111111111,0.16213251948356627,0.30252020955085757,-5.556609573163442,-0.0022103022783994675,-1.2582489690279635,-0.24755656719207764,-0.1226426329102057,"Marcell Ozuna",10324,542303
"Caleb Durbin","BOS",2,9,0,0,0,0,0.111111111,0.111111111,0,0,0,0.111111111,0,0.07905256748199463,0.27913355827331543,-64.71560579828656,0.01785441068932414,-1.6929673806103347,0.15739233698695898,-0.12306725768192164,"Caleb Durbin",29646,702332
"Corbin Carroll","ARI",3,12,0,2,1,0,0,0.166666666,0,0.2,0.181818181,0.166666666,0.181818181,0.15164201458295187,0.17550000051657358,-11.556540353711933,0.13791370298713446,-1.4550059117636676,-0.11710559204220772,-0.123138839284458,"Corbin Carroll",25878,682998
"Vinnie Pasquantino","KCR",2,8,0,0,0,0,0,0.125,0,0,0,0.125,0,0.09293371438980103,0.28346087038517,-54.12299836489536,-0.01191171444952488,-1.434846355794696,-0.07196637988090515,-0.12390911384017424,"Vinnie Pasquantino",27676,686469
"Jung Hoo Lee","SFG",3,11,0,1,0,0,0.09090909,0.181818181,0.1,0.125,0.1,0.181818181,0.2,0.1822985844178633,0.3253820077939467,11.910155337154992,-0.11349639156833291,-1.266514441703667,-0.32550789043307304,-0.12832066420646657,"Jung Hoo Lee",33824,808982
"Riley Greene","DET",3,14,0,2,1,0,0.142857142,0.214285714,0,0.111111111,0.083333333,0.214285714,0.083333333,0.16662845015525818,0.18831456984792436,-1.4276198499939112,0.015439515467733145,-1.6233070178762623,-0.17479897825978696,-0.13100632904856016,"Riley Greene",25976,682985
"Ke'Bryan Hayes","CIN",2,7,0,1,0,0,0,0,0,0,0,0,0,0,0.201142851795469,-100,-0.0022210346069186926,-1.7928624698332563,0.27588040567934513,-0.13321946057858083,"Ke'Bryan Hayes",18577,663647
"Josh Bell","MIN",2,8,0,0,1,0,0.125,0.5,0,0,0,0.125,0,0.08893413841724396,0.2160252407193184,-54.54280766108545,-0.04631041223183274,-1.4731209267214733,-0.14213158190250397,-0.13500556823562992,"Josh Bell",13145,605137
"George Springer","TOR",2,10,0,0,1,0,0,0.3,0.1,0.142857142,0.1,0.1,0.2,0.1293811321258545,0.1406000018119812,-25.77970405086166,0.0010368339717388153,-1.4505335024713142,-0.24392671883106232,-0.13554064970724608,"George Springer",12856,543807
"Bo Bichette","NYM",2,10,0,1,1,0,0,0.5,0,0.2,0.111111111,0.1,0.111111111,0.09098520874977112,0.17610000371932982,-47.15191114282353,-0.06849095458164811,-1.819480220236055,0.10987522080540657,-0.1434970794647133,"Bo Bichette",19612,666182
"Brent Rooker","ATH",2,9,0,0,1,0,0,0.666666666,0,0.333333333,0.111111111,0.111111111,0.111111111,0.10109467638863458,0.1478888856040107,-48.39793601307209,-0.007239277227199636,-1.548577279079706,-0.18997170531656593,-0.14383722995330023,"Brent Rooker",19627,667670
"TJ Friedl","CIN",2,10,0,2,0,1,0,0.5,0,0.2,0.1,0.1,0.1,0.09098520874977112,0.18233333693610299,-55.23419666475856,0.19916296051815152,-1.6479989955277958,-0.0892302324064076,-0.14632381898532512,"TJ Friedl",19522,670770
"Jonathan India","KCR",2,8,0,0,0,0,0.125,0.375,0,0,0,0.125,0,0.08893413841724396,0.2016502432525158,-56.830835034467405,0.015426434110850096,-1.432508204905768,-0.3373060766607523,-0.15082160711238213,"Jonathan India",21523,663697
"Carlos Santana","ARI",3,10,0,1,0,0,0.1,0.3,0.111111111,0.166666666,0.111111111,0.2,0.222222222,0.20052844285964966,0.1707201935350895,20.54358747918791,-0.0072705855127424,-0.9527379214844471,-0.8599333837628365,-0.15404367626316692,"Carlos Santana",2396,467793
"Jacob Wilson","ATH",2,9,0,0,0,0,0,0.444444444,0,0,0,0,0,0,0.20144444041781956,-100,0.036013899371027946,-2.216221339616013,0.36137212812900543,-0.1557380310247655,"Jacob Wilson",33266,805779
"Harrison Bader","SFG",3,10,0,0,0,0,0,0.4,0,0.166666666,0.1,0.1,0.1,0.09098520874977112,0.09030000357888639,-48.04863353588152,-0.02529532602056861,-1.786954866171054,-0.05075186863541603,-0.15660550846569654,"Harrison Bader",18030,664056
"Patrick Bailey","SFG",3,10,0,0,0,0,0.1,0.2,0,0,0,0.1,0,0.07114731073379517,0.2575201988220215,-61.074724512390766,-0.04765571327880025,-1.9643152483064692,0.09515610337257385,-0.15982397919019994,"Patrick Bailey",27478,672275
"Teoscar Hernández","LAD",3,10,0,1,0,0,0,0.3,0,0.142857142,0.1,0.1,0.1,0.09098520874977112,0.2570999950170517,-49.91006477404706,0.05019100150093436,-1.733618071682922,-0.1704966016113758,-0.1634009179440732,"Teoscar Hernandez",13066,606192
"Eugenio Suárez","CIN",2,9,0,0,1,0,0,0.444444444,0,0.2,0.111111111,0.111111111,0.111111111,0.10109467638863458,0.06342857291123696,-48.59605158094675,0.011643060017377138,-1.5797129767105222,-0.3191702142357826,-0.16600997370345044,"Eugenio Suarez",12552,553993
"Casey Schmitt","SFG",3,10,0,0,0,0,0,0.2,0,0,0,0.1,0,0.07434697151184082,0.22756869196891785,-58.97374222307634,-0.06034093955531716,-1.9520004769115389,0.0011579692363739014,-0.16818249641023744,"Casey Schmitt",27577,669477
"Nolan Arenado","ARI",3,11,0,0,0,0,0,0.454545454,0,0.166666666,0.09090909,0.09090909,0.09090909,0.08271382613615556,0.10645454851063815,-56.816620470610765,-0.015285195549950004,-2.0678758733502973,0.008198479190468788,-0.17617499779137374,"Nolan Arenado",9777,571448
"Bryce Harper","PHI",2,9,0,0,1,0,0,0.222222222,0,0.142857142,0.111111111,0.111111111,0.111111111,0.10109467638863458,0.2429999974038866,-45.36595626153659,0.01612434582784772,-1.5406397106215597,-0.5227750390768051,-0.1828462035171611,"Bryce Harper",11579,547180
"Josh Jung","TEX",2,8,0,0,0,0,0,0.25,0,0,0,0,0,0,0.17337500303983688,-100,-0.007922008633613586,-1.97039810119985,-0.18010161817073822,-0.1897764894839812,"Josh Jung",26299,673962
"Isaac Collins","KCR",2,7,0,0,0,0,0.142857142,0.285714285,0,0,0,0.142857142,0,0.1016390153339931,0.14402885735034943,-48.22924030701986,-0.47257981123402715,-1.670035465091399,-0.4896848499774933,-0.19450507047258137,"Isaac Collins",25477,686555
"Cedric Mullins","TBR",2,9,0,0,0,0,0,0,0,0,0,0,0,0,0.17355555295944214,-100,-0.0007050589774735272,-2.232558929267825,-0.09791347291320562,-0.20440772943394464,"Cedric Mullins",17929,656775
"Willy Adames","SFG",3,11,0,0,0,0,0,0.454545454,0,0.166666666,0.09090909,0.09090909,0.09090909,0.08271382613615556,0.16336363554000854,-53.47984314990938,-0.1386346505023539,-2.147549868381341,-0.2286650389432907,-0.20856573399253053,"Willy Adames",15986,642715
"Josh Naylor","SEA",3,13,0,0,0,0,0.153846153,0.153846153,0,0,0,0.153846153,0,0.05928942561149597,0.20326683421929678,-67.22940634009575,-0.030406325589865446,-2.539307278194567,-0.11167426407337189,-0.22206466182890697,"Josh Naylor",18839,647304
"Kerry Carpenter","DET",3,13,0,1,0,0,0.153846153,0.461538461,0,0,0,0.153846153,0,0.10945740112891564,0.19241569133905265,-40.13418875971167,-0.10512174014002085,-2.207519920976177,-0.910038661211729,-0.26980868327667723,"Kerry Carpenter",25961,681481