Name,Team,W,L,SV,G,GS,IP,K/9,BB/9,HR/9,BABIP,LOB%,GB%,HR/FB,vFA (pi),ERA,xERA,FIP,xFIP,WAR,NameASCII,PlayerId,MLBAMID
"Cristopher Sánchez","PHI",1,0,0,1,1,6,15,0,0,0.2727272727272727,1,0.636363636,0,,0,0.97983635910769,-0.1442796071370438,0.5329205686847374,0.4205802755747297,"Cristopher Sanchez",20778,650911
"Bryan Woo","SEA",0,0,0,1,1,6,13.5,1.5,0,0.3076923076923077,0.6,0.076923076,0,95.61851992849576,3,1.8280123858261998,0.6890537261962897,2.4949208617210394,0.36442431426031874,"Bryan Woo",30279,693433
"Dylan Cease","TOR",0,0,0,1,1,5.1,20.250001206994128,3.375000201165688,0,0.375,0.8,0.25,0,98.3372294108073,1.687500100582844,2.653184579316903,-0.18594647496939887,0.5759037682399182,0.363639145642981,"Dylan Cease",18525,656302
"Reid Detmers","LAA",0,0,0,1,1,4.2,17.35714522186623,0,0,0.5454545454545454,0.57142857,0.181818181,0,93.53675805068598,5.7857150739554095,1.7712788417922745,-0.02523242600116049,1.135682319283975,0.33835067907114164,"Reid Detmers",27468,672282
"Cam Schlittler","NYY",1,0,0,1,1,5.1,13.500000804662752,0,0,0.1111111111111111,1,0.444444444,0,98.86044456845238,0,0.8090252713810634,0.18905354738234426,1.2048538716614334,0.3348762266931892,"Cam Schlittler",32095,693645
"Michael Wacha","KCR",0,0,0,1,1,6,10.5,1.5,0,0.25,1,0.454545454,0,93.525009765625,0,1.3149803364438144,1.3557203928629564,2.258653960625331,0.3063126791818498,"Michael Wacha",14078,608379
"Joe Boyle","TBR",0,0,0,1,1,6,6,0,0,0.17647058823529413,0.33333333,0.470588235,0,97.4586245888158,3,3.1971863619153593,1.8557203928629564,3.4358541364471122,0.2892915426786169,"Joe Boyle",29608,671212
"Tarik Skubal","DET",1,0,0,1,1,6,9,0,0,0.1875,0.66666667,0.4375,0,97.68926791487068,0,1.7761581699112288,1.1890537261962897,2.543454077839852,0.28751681296957987,"Tarik Skubal",22267,669373
"Tyler Glasnow","LAD",0,0,0,1,1,6,9,1.5,0,0.25,0.6,0.4375,0,96.12509765625,3,2.2486866405854236,1.6890537261962897,2.8177206858992583,0.2735723545305233,"Tyler Glasnow",14374,607192
"Michael McGreevy","STL",0,0,0,1,1,6,7.5,3,0,0,1,0.285714285,0,91.091201171875,0,5.033497645262176,2.522387059529623,4.553987586994967,0.26116257819636807,"Michael McGreevy",29869,700241
"Garrett Crochet","BOS",1,0,0,1,1,6,12,3,0,0.21428571428571427,1,0.357142857,0,96.76448567708333,0,2.8207729895364544,1.522387059529623,2.425320627291998,0.25861291959097354,"Garrett Crochet",27463,676979
"Kevin Gausman","TOR",0,0,0,1,1,6,16.5,0,1.5,0,1,0.5,0.5,94.5107362328506,1.5,1.7219358985297133,1.6890537261962897,-0.026146156589189395,0.2389831024511851,"Kevin Gausman",14107,592332
"Andrew Abbott","CIN",0,0,0,1,1,6,6,1.5,0,0.3684210526315789,1,0.578947368,0,92.90671657986111,0,2.683227738003675,2.355720392862956,3.258653960625331,0.23778539589167652,"Andrew Abbott",29911,671096
"Mitch Keller","PIT",0,0,0,1,1,6,4.5,0,0,0.16666666666666666,1,0.388888888,0,93.38260452835648,0,1.8141625969674806,2.1890537261962897,3.9949208617210394,0.23242844031632326,"Mitch Keller",17594,656605
"Sandy Alcantara","MIA",1,0,0,1,1,7,6.428571428571429,2.5714285714285716,0,0.2222222222222222,0.83333333,0.529411764,0,96.62220052083333,0,1.7038214187393033,2.617625154767718,3.7785397418907714,0.22695088243098718,"Sandy Alcantara",18684,645261
"Randy Vásquez","SDP",1,0,0,1,1,6,12,4.5,0,0.16666666666666666,1,0.583333333,0,94.97930036272321,0,2.504610416871941,2.022387059529623,2.925320627291998,0.2148254372062537,"Randy Vasquez",24719,681190
"Joe Ryan","MIN",0,0,0,1,1,5.1,11.812500704079909,3.375000201165688,0,0.1,1,0.2,0,94.00310315583882,0,1.6270234903886747,1.6890536367893167,3.4667042042777227,0.21454397491895122,"Joe Ryan",21390,657746
"Framber Valdez","DET",0,0,0,1,1,6,7.5,1.5,0,0.3684210526315789,0.75,0.47368421,0,,1.5,3.0295540136966026,2.022387059529623,3.3767874111731855,0.21424262481395398,"Framber Valdez",17295,664285
"Taj Bradley","MIN",0,0,0,1,1,4.1,18.69230906356731,6.230769687855771,0,0.42857142857142855,0.83333333,0.428571428,0,97.71186127533784,2.076923229285257,3.105889038596583,1.1121304969110324,1.7372383973733956,0.20647229009950682,"Taj Bradley",22543,671737
"Logan Webb","SFG",0,1,0,1,1,5,12.6,1.8,0,0.5294117647058824,0.36363636,0.411764705,0,92.6207608309659,10.8,5.704119443841268,1.5890537261962892,2.6725740075111393,0.2015625879234716,"Logan Webb",17995,657277
"Pete Fairbanks","MIA",0,0,2,2,0,2,9,0,0,0.2,1,0,0,96.88641357421875,0,0.7350649865389987,1.1890537261962892,3.897854429483414,0.1801644581267059,"Pete Fairbanks",17998,664126
"Hunter Brown","HOU",0,0,0,1,1,4.2,17.35714522186623,7.714286765273879,0,0.4444444444444444,1,0.777777777,0,96.41242980957031,0,1.9000281245904413,1.9033392653173093,2.193567951638593,0.17936833217667397,"Hunter Brown",25880,686613
"Sean Burke","CHW",0,1,0,1,1,4,11.25,2.25,0,0.5,0.5,0.642857142,0,93.79456728980655,6.75,3.2852097988370894,1.4390537261962892,3.132054165750742,0.17490972912587774,"Sean Burke",29878,680732
"Tyler Mahle","SFG",0,1,0,1,1,4,11.25,2.25,0,0.45454545454545453,0.66666667,0.454545454,0,92.32594651442308,4.5,6.13831983854901,1.4390537261962892,3.132054165750742,0.16638882248355233,"Tyler Mahle",16358,641816
"Logan Gilbert","SEA",0,0,0,1,1,5.1,11.812500704079909,0,1.687500100582844,0.3076923076923077,0.55555556,0.142857142,0.111111111,95.0234375,5.062500301748532,1.7851550114551893,3.0015537150204175,2.849604299362038,0.16316658195985936,"Logan Gilbert",22250,669302
"David Peterson","NYM",0,0,0,1,1,5.1,5.062500301748532,3.375000201165688,0,0.3,1,0.7,0,91.35333862304688,0,3.036979760130888,3.1890537261962892,4.204854050475379,0.16242732799541187,"David Peterson",20302,656849
"Garrett Whitlock","BOS",0,0,0,2,0,2,13.5,0,0,0.25,1,0.333333333,0,,0,1.3717519201782422,0.18905372619628924,0.8662539020180704,0.16163764880430614,"Garrett Whitlock",20191,676477
"Ryan Helsley","BAL",0,0,1,1,0,1,27,0,0,1,1,1,0,100.23462592230902,0,0.5115787866469551,-2.8109462738037108,-2.8109462738037108,0.1602152136035658,"Ryan Helsley",18138,664854
"Max Fried","NYY",1,0,0,1,1,6.1,5.684210811625571,1.4210527029063929,0,0.11764705882352941,1,0.411764705,0,95.0205310639881,0,3.6660119955635895,2.8732642366615355,4.156380423675171,0.1583271559861387,"Max Fried",13743,608331
"José Soriano","LAA",1,0,0,1,1,6,10.5,6,0,0.15384615384615385,1,0.692307692,0,98.94833772078805,0,2.2861564209026164,2.855720392862956,3.3071871767441436,0.15313088181468187,"Jose Soriano",22100,667755
"Eduardo Rodriguez","ARI",0,0,0,1,1,5,9,3.6,0,0.3076923076923077,0.83333333,0.538461538,0,92.92345473345588,0,2.913381294463666,2.3890537261962894,2.9308138668537143,0.14764285162752208,"Eduardo Rodriguez",13164,593958
"Jacob Latz","TEX",0,0,0,1,1,4,6.75,2.25,0,0,1,0.4,0,92.7967465049342,0,2.4073933654312745,2.4390537261962892,4.470654253661633,0.1468306565610304,"Jacob Latz",21306,656641
"Gregory Soto","PIT",0,0,0,2,0,2.1,19.2857169131847,3.8571433826369397,0,0,1,0.5,0,97.3963394165039,0,1.4022114482631645,0.1890533174786695,0.7695106901212374,0.1344677620010551,"Gregory Soto",19677,642397
"Jacob Misiorowski","MIL",1,0,0,1,1,5,19.8,5.4,1.8,0.2,1,0.5,0.333333333,98.51171875,1.8,2.8394570995090236,3.1890537261962892,1.4016939371824266,0.13001781602567847,"Jacob Misiorowski",31623,694819
"Connor Phillips","CIN",1,0,0,2,0,2.2,13.50000352040025,3.3750008801000626,0,0.4,0.33333333,0.2,0,98.20378984723773,6.750001760200125,2.8870615838017164,1.3140532372518106,2.329853765875112,0.12665733490912495,"Connor Phillips",27649,683175
"Jhoan Duran","PHI",0,1,1,2,0,1.2,16.200006759169536,0,0,0.6,0.33333333,0.8,0,100.21512179904514,5.400002253056512,2.939420785690614,-0.410947775841386,-0.410947775841386,0.12608172342412272,"Jhoan Duran",21029,661395
"Chris Sale","ATL",1,0,0,1,1,6,9,4.5,0,0.23076923076923078,1,0.538461538,0,95.90179998224431,0,4.78402205036605,3.1890537261962897,3.640520510077477,0.12194251128189376,"Chris Sale",10603,519242
"Yoshinobu Yamamoto","LAD",1,0,0,1,1,6,9,0,1.5,0.2857142857142857,0.83333333,0.266666666,0.125,96.30057779947917,3,3.060799861353756,3.355720392862956,2.9949208617210394,0.11895508606283524,"Yoshinobu Yamamoto",33825,808967
"Jonathan Loáisiga","ARI",0,0,0,2,0,2.1,7.714286765273879,0,0,0.16666666666666666,1,0.666666666,0,97.63043212890625,0,0.649615213019988,1.4747677783576494,2.635682523642785,0.11768104222551905,"Jonathan Loaisiga",19753,642528
"Joey Cantillo","CLE",0,0,0,1,1,3.2,12.272729400761241,7.363637640456744,0,0.4,0.71428571,0.3,0,92.44341169084821,4.909091760304496,5.608975208203452,2.9163264061793726,4.3938543187142445,0.10975842826758943,"Joey Cantillo",23335,676282
"Tim Hill","NYY",0,0,0,2,0,2.1,11.571430147910819,0,0,0.25,1,1,0,,0,0.6726370097387779,0.6176248044383295,0.6176248044383295,0.109045885900731,"Tim Hill",16814,657612
"Riley O'Brien","STL",1,0,0,2,0,2.1,7.714286765273879,0,0,0.42857142857142855,1,0.714285714,0,,0,2.2005888059029695,1.4747677783576494,1.4747677783576494,0.10618907692569098,"Riley O'Brien",20348,676617
"Luis Severino","ATH",0,0,0,1,1,5,5.4,5.4,0,0.21428571428571427,0.66666667,0.5,0,97.258056640625,3.6,3.651823913363588,3.7890537261962893,5.143454077839852,0.09954236836558646,"Luis Severino",15890,622663
"Jake Bird","NYY",1,0,0,2,0,2.1,11.571435172950851,0,0,0.25,1,0.75,0,,0,0.3238602252167049,0.6176236877627668,1.198081312476297,0.09744586512742376,"Jake Bird",21267,656234
"Cade Smith","CLE",1,0,1,2,0,2,13.5,4.5,0,0.4,0.66666667,0,0,96.92636108398438,4.5,3.000748175120573,1.6890537261962892,2.3662539020180704,0.09524864535302616,"Cade Smith",27867,671922
"Bryan Baker","TBR",0,0,0,1,0,1,18,0,0,0,1,1,0,97.81625366210938,0,0.01619829835196528,-0.8109462738037108,-0.8109462738037108,0.09380899531189202,"Bryan Baker",19804,641329
"Will Warren","NYY",0,0,0,1,1,4.1,6.230769687855771,4.153846458570514,0,0.35714285714285715,0.85714286,0.642857142,0,94.82980346679688,2.076923229285257,3.972366086235016,3.1890537261962892,4.1267155768898345,0.09093111784544447,"Will Warren",30182,701542
"Kyle Hart","SDP",0,0,0,1,0,2,13.5,0,0,0,1,0,0,,0,0.6210240595095555,0.18905372619628924,1.5434540778398516,0.08883683902679348,"Kyle Hart",19646,606996
"Cade Cavalli","WSN",0,0,0,1,1,3.2,12.272729400761241,7.363637640456744,0,0.3333333333333333,0.5,0.666666666,0,96.55983129040948,4.909091760304496,2.792423705839056,2.9163264061793726,4.024472340580527,0.08755730512460871,"Cade Cavalli",27473,676917
"Andrew Nardi","MIA",0,0,0,1,0,0.2,27.000028163224034,0,0,1,1,1,0,94.28193969726563,0,1.2989498428593076,-2.81095253229794,-2.81095253229794,0.08653633774497457,"Andrew Nardi",25942,677053
"Jeffrey Springs","ATH",0,0,0,1,1,5.1,3.375000201165688,5.062500301748532,0,0.29411764705882354,0.75,0.411764705,0,91.53852696572581,3.375000201165688,3.973000838025863,4.126553782075647,5.396304187424509,0.08451567184601286,"Jeffrey Springs",17677,605488
"Aaron Ashby","MIL",1,0,0,2,0,2.2,20.250004827977378,6.750001609325793,0,0,1,1,0,96.97574996948242,0,1.4593131401899828,0.9390531897543584,0.9390531897543584,0.08436676837293196,"Aaron Ashby",23550,676879
"Brooks Raley","NYM",0,0,0,1,0,1,18,0,0,0,1,0,0,,0,0.006426755640300499,-0.8109462738037108,0.5434540778398516,0.08332359999517536,"Brooks Raley",10061,548384
"Edgardo Henriquez","LAD",1,0,0,1,0,1,9,0,0,0,1,0,0,101.1780014038086,0,0.07837857347228708,1.1890537261962892,3.897854429483414,0.08306030905326157,"Edgardo Henriquez",26944,683618
"Trevor Rogers","BAL",1,0,0,1,1,7,6.428571428571429,5.142857142857143,0,0.17647058823529413,1,0.529411764,0,93.343017578125,0,3.4853134555728995,3.9033394404820037,4.870768263084548,0.08277733871272525,"Trevor Rogers",22286,669432
"Scott Barlow","ATH",0,0,0,2,0,2.2,3.3750008046628963,3.3750008046628963,0,0.2222222222222222,0.66666667,0.333333333,0,88.81504821777344,0,3.4384093345299043,3.5640538156032777,5.595654827440048,0.08171715247799684,"Scott Barlow",14993,605130
"Bailey Falter","KCR",0,0,0,1,0,3,12,0,0,0.5,0.6,0.3,0,93.5221416766827,6,1.4438592031546744,0.5223870595296232,2.328254195054373,0.08116315785122834,"Bailey Falter",20070,663559
"Steven Okert","HOU",0,0,0,1,0,1.2,16.20000617981193,0,0,0,1,0.5,0,90.45743233816964,0,0.023734874527042767,-0.41094764709525045,0.4016928738886443,0.0787004264372896,"Steven Okert",13580,595345
"Adrian Morejon","SDP",0,0,0,1,0,2,4.5,0,0,0.2,1,0.8,0,99.85455322265625,0,1.8183850406377957,2.1890537261962892,2.1890537261962892,0.077826700610656,"Adrian Morejon",20039,670970
"Connor Seabold","DET",0,0,0,1,0,2.1,11.571430147910819,0,0,0.2,1,0.2,0,94.37929506655092,0,1.8447200824240881,0.6176248044383295,1.778539549723465,0.07679381452923009,"Connor Seabold",19695,657756
"Kenley Jansen","DET",0,0,1,1,0,1,27,0,0,0,1,0,0,,0,0,-2.8109462738037108,-2.8109462738037108,0.07642646413359327,"Kenley Jansen",3096,445276
"Jalen Beeks","TEX",0,0,0,2,0,2.1,11.571430147910819,0,0,0.2,1,0.8,0,93.76220448811848,0,2.2069186095855713,0.6176248044383295,1.1980821770808971,0.07561089265438828,"Jalen Beeks",17192,656222
"Jakob Junis","TEX",0,0,0,1,0,2,9,0,0,0,1,0.5,0,91.96397399902344,0,1.8535508502057554,1.1890537261962892,1.8662539020180704,0.07392514570558663,"Jakob Junis",13619,596001
"Nick Pivetta","SDP",0,1,0,1,1,3,12,9,0,0.5833333333333334,0.4,0.083333333,0,94.14390980113636,18,8.354768899606375,3.522387059529623,7.585588114460309,0.07310800666215896,"Nick Pivetta",15454,601713
"Ryan Zeferjahn","LAA",1,0,0,1,0,2,9,0,0,0,1,0.25,0,96.56571451822917,0,0.5334810256609437,1.1890537261962892,3.2206542536616327,0.07162219602138857,"Ryan Zeferjahn",25420,666171
"Will Klein","LAD",1,0,0,2,0,2,9,0,0,0.2,1,0.8,0,98.063232421875,0,0.25653421979634555,1.1890537261962892,1.8662539020180704,0.07017674574558208,"Will Klein",27787,694361
"Camilo Doval","NYY",0,0,0,2,0,2,13.5,0,0,0,1,0.5,0,97.13471603393555,0,0.5620825512469542,0.18905372619628924,0.8662539020180704,0.06920080031619363,"Camilo Doval",21992,666808
"Kyle Freeland","COL",0,1,0,1,1,4.1,4.153846458570514,4.153846458570514,0,0.3125,0.75,0.4375,0,92.07147771661931,4.153846458570514,5.025121939625938,4.342899964688098,5.905669715844008,0.06880045978643788,"Kyle Freeland",16256,607536
"Jaden Hill","COL",0,1,0,1,0,1.2,5.400002059937309,0,0,0.4,0.5,0.6,0,96.61312866210938,5.400002059937309,1.5129877992274952,1.9890532684324427,3.614334310400232,0.0676982691269566,"Jaden Hill",30250,677955
"Michael King","SDP",0,0,0,1,1,5,10.8,7.2,0,0.1111111111111111,0.83333333,0.444444444,0,94.2319091796875,0,3.8847294598665476,3.7890537261962893,4.872574007511139,0.06674755447295022,"Michael King",19853,650633
"Ryan Thompson","ARI",0,0,0,2,0,2,4.5,0,0,0,1,0.6,0,91.27954864501953,0,2.070607769789911,2.1890537261962892,3.5434540778398516,0.0667459078384323,"Ryan Thompson",16647,657044
"Robbie Ray","SFG",0,1,0,1,1,5.1,6.750000402331376,0,1.687500100582844,0.25,0.83333333,0.352941176,0.125,94.21449346127717,3.375000201165688,3.1606390843290137,4.126553782075647,3.720654285347495,0.06672739405368158,"Robbie Ray",11486,592662
"Matt Festa","CLE",0,0,0,1,0,1.2,5.400002059937309,0,0,0,1,0.5,0,90.74774169921875,0,0.7549018964728387,1.9890532684324427,3.614334310400232,0.06663020421814321,"Matt Festa",19330,670036
"Edwin Díaz","LAD",0,0,2,2,0,2,9,4.5,0,0,1,0.25,0,96.21727837456598,0,1.700300541215451,2.6890537261962892,4.720654253661633,0.06529187206149967,"Edwin Diaz",14710,621242
"Jack Dreyer","LAD",0,0,0,1,0,1.2,5.400002059937309,0,0,0.25,1,0.25,0,94.70829264322917,0,2.3842795615700756,1.9890532684324427,3.614334310400232,0.06383938426508644,"Jack Dreyer",30249,676263
"Juan Mejia","COL",0,0,0,1,0,2,4.5,0,0,0.16666666666666666,1,0.333333333,0,97.62753295898438,0,1.629991056959115,2.1890537261962892,4.220654253661633,0.06383927561895562,"Juan Mejia",23237,675848
"Richard Lovelady","NYM",1,0,0,1,0,1,9,0,0,0.5,0.5,0.5,0,92.24044189453124,0,3.3842500673850258,1.1890537261962892,2.5434540778398516,0.06305029491118105,"Richard Lovelady",19337,663992
"Dylan Lee","ATL",0,0,0,2,0,2,9,0,0,0.2,1,0,0,91.54328002929688,0,2.3320070151744754,1.1890537261962892,3.897854429483414,0.06044048354809294,"Dylan Lee",19996,669276
"Huascar Brazobán","NYM",0,0,0,1,0,0.2,13.500014081612017,0,0,0,1,1,0,90.06490325927734,0,0.19561748721141978,0.18905059694917492,0.18905059694917492,0.05989259044250976,"Huascar Brazoban",6107,623211
"Justin Topa","MIN",0,0,0,2,0,2,4.5,0,0,0.2857142857142857,0.5,0.714285714,0,,4.5,1.1139663280428214,2.1890537261962892,3.5434540778398516,0.059217910394433956,"Justin Topa",15145,623437
"Aroldis Chapman","BOS",0,0,1,2,0,2,4.5,0,0,0,1,0,0,97.07865397135417,0,3.273005482092681,2.1890537261962892,4.897854429483414,0.0588279956221837,"Aroldis Chapman",10233,547973
"Anthony Nunez","BAL",0,0,0,1,0,2,13.5,0,0,0,1,0.333333333,0,97.33046468098958,0,0.40978172717049444,0.18905372619628924,0.8662539020180704,0.05806226380155343,"Anthony Nunez",25796,689296
"Yohan Ramírez","PIT",0,0,0,1,0,2.1,11.571430147910819,3.8571433826369397,0,0.2,1,0.4,0,97.32445475260417,0,0.8966104681837622,1.9033392653173093,3.064254010602445,0.0570824882735702,"Yohan Ramirez",19444,670990
"Brad Lord","WSN",1,0,0,1,0,2.1,3.8571433826369397,0,0,0.4444444444444444,0.75,0.625,0,94.253173828125,3.8571433826369397,6.785195476411176,2.3319107522769693,2.9123681249195372,0.05661285325786844,"Brad Lord",31972,695418
"Osvaldo Bido","ATL",1,0,0,1,0,1,27,0,0,0,1,0,0,93.5477523803711,0,0,-2.8109462738037108,-2.8109462738037108,0.05424247259927788,"Osvaldo Bido",23150,674370
"Matthew Boyd","CHC",0,1,0,1,1,3.2,17.181821161065738,2.454545880152248,2.454545880152248,0.625,0.17857143,0.222222222,0.2,93.43055361793155,14.727275280913489,13.04320600859522,3.734508366230122,2.035963096678798,0.05228936905563206,"Matthew Boyd",15440,571510
"Jimmy Herget","COL",0,0,0,1,0,1.1,6.750001609325793,0,0,0.4,1,0.6,0,92.83390045166016,0,3.5309158399317764,1.6890533685683353,2.7048538744867203,0.05149538780371557,"Jimmy Herget",17556,623474
"Erik Sabrowski","CLE",0,0,0,2,0,2,18.000009119515273,9.000004559757636,0,0,1,0.5,0,94.1668938530816,0,1.3245106873825405,2.189053219556552,2.8662537384748523,0.05124315750960165,"Erik Sabrowski",24978,681870
"Matt Strahm","KCR",0,0,0,1,0,1,9,0,0,0.3333333333333333,1,0.666666666,0,90.4353256225586,0,0.8608693186818903,1.1890537261962892,2.5434540778398516,0.050061134825522276,"Matt Strahm",13799,621381
"Gabe Speier","SEA",0,1,0,2,0,1.1,6.750001760200125,0,0,0.5,0.33333333,0.333333333,0,95.19631958007812,13.50000352040025,8.217812879544079,1.6890533350407064,4.736454920910611,0.04983524702949631,"Gabe Speier",17170,642100
"Enmanuel De Jesus","DET",1,0,0,1,0,1,18,0,0,0.5,1,0.5,0,94.49120076497395,0,0.09814041596021712,-0.8109462738037108,0.5434540778398516,0.049585970173639984,"Enmanuel De Jesus",18554,646241
"Calvin Faucher","MIA",1,0,0,1,0,1,9,0,0,0.3333333333333333,1,0.666666666,0,,0,2.2876946423192837,1.1890537261962892,2.5434540778398516,0.049196764753757484,"Calvin Faucher",20116,676534
"JoJo Romero","STL",0,0,0,2,0,1.2,5.400002253056512,0,0,0.3333333333333333,1,0.833333333,0,94.95145034790039,0,7.067508199355059,1.9890532255170643,1.9890532255170643,0.048679030519319565,"JoJo Romero",19574,668941
"Bradgley Rodriguez","SDP",0,0,0,1,0,2,13.5,0,0,0,1,0.333333333,0,98.46302795410156,0,0.22676227592990414,0.18905372619628924,1.5434540778398516,0.047495449185160646,"Bradgley Rodriguez",29107,699134
"Jordan Romano","LAA",0,0,1,2,0,2,13.5,4.5,0,0,1,0.333333333,0,94.4520263671875,0,1.8361906195729583,1.6890537261962892,3.0434540778398516,0.04692438746807355,"Jordan Romano",16122,605447
"Tyler Alexander","TEX",0,0,1,2,0,2,4.5,0,0,0.16666666666666666,0.5,0.333333333,0,89.94235229492188,0,1.5892963930228106,3.6890537261962892,6.397854429483414,0.045101717521958386,"Tyler Alexander",17735,641302
"Chad Patrick","MIL",0,0,0,1,1,4.1,8.307692917141027,2.076923229285257,2.076923229285257,0.3076923076923077,1,0.285714285,0.142857142,94.00238715277777,2.076923229285257,3.2820710124885166,5.035207707783185,4.223085139322752,0.04504100029741712,"Chad Patrick",30113,694477
"Tanner Scott","LAD",0,0,0,2,0,1.1,6.750001760200125,0,0,0,1,0.333333333,0,97.75233764648438,0,0.1291867912892361,1.6890533350407064,3.7206543922873094,0.04407088732426798,"Tanner Scott",17586,656945
"Sam Moll","CIN",0,0,0,2,0,2,4.5,0,0,0,1,0.6,0,92.81245040893555,0,2.5716472820062584,3.6890537261962892,5.043454077839852,0.04390204250136495,"Sam Moll",14874,594580
"Brant Hurter","DET",0,0,0,1,0,1,9,0,0,0.5,1,0.5,0,,0,9.611160256746672,1.1890537261962892,1.1890537261962892,0.042114348163052095,"Brant Hurter",30133,676428
"JT Brubaker","SFG",0,0,0,2,0,2.1,7.714286863804035,3.8571434319020175,0,0.2,1,0.4,0,,0,2.3900481108252225,2.760482233762732,3.9213969938755646,0.041082047043556946,"JT Brubaker",17578,664141
"Anthony Bender","MIA",0,0,0,1,0,0.1,27.000028163224034,0,0,1,1,0,0,,0,5.380534952824681,-2.81095253229794,-2.81095253229794,0.04089428213664931,"Anthony Bender",19742,669622
"Jack Flaherty","DET",0,1,0,1,1,4.1,4.153846458570514,8.307692917141027,0,0.26666666666666666,0.625,0.266666666,0,93.93834597565407,4.153846458570514,12.640165254274825,5.035207707783185,6.910531409170274,0.04073200948990162,"Jack Flaherty",17479,656427
"Tyler Wells","BAL",0,0,0,1,0,1,9,0,0,0.3333333333333333,0,0.333333333,0,93.54386393229167,9,1.3863927565929532,1.1890537261962892,2.5434540778398516,0.04049301886130292,"Tyler Wells",20000,669330
"Blake Treinen","LAD",0,0,0,1,0,1,9,0,0,0.3333333333333333,1,0.333333333,0,95.80419921875,0,1.1832234230840755,1.1890537261962892,3.897854429483414,0.03971432916838747,"Blake Treinen",12572,595014
"José Alvarado","PHI",0,0,0,1,0,1,18,0,0,0.5,1,0,0,,0,6.031393105418512,-0.8109462738037108,0.5434540778398516,0.03889045147015912,"Jose Alvarado",17780,621237
"Tyler Rogers","TOR",0,0,0,2,0,2,9,4.5,0,0,1,1,0,,0,2.223451011291743,2.6890537261962892,2.6890537261962892,0.03839841417423414,"Tyler Rogers",15541,643511
"Luis García","NYM",0,0,0,2,0,2,9,4.5,0,0.5555555555555556,0.5,0.333333333,0,,9,6.019240374578399,2.6890537261962892,5.397854429483414,0.03839123204709681,"Luis Garcia",6984,472610
"Cade Horton","CHC",1,0,0,1,1,6.1,5.684210811625571,1.4210527029063929,1.4210527029063929,0.1875,0.83333333,0.588235294,0.333333333,,2.8421054058127857,3.44006280036578,4.452211684335306,3.0411380958662226,0.03740762907779374,"Cade Horton",31872,690990
"Abner Uribe","MIL",0,0,0,1,0,1,18,0,0,0,1,1,0,,0,0.3216633574091983,-0.8109462738037108,-0.8109462738037108,0.036655911726428084,"Abner Uribe",25327,682842
"Peyton Pallette","CLE",0,0,0,1,0,2,9,0,0,0,1,0.25,0,96.48537375710227,0,3.556227152383886,1.1890537261962892,1.8662539020180704,0.03636285185208771,"Peyton Pallette",31865,688883
"Devin Williams","NYM",0,0,0,1,0,1,18,9,0,0.5,1,1,0,93.81065063476562,0,2.297804140718403,2.1890537261962892,2.1890537261962892,0.03624778413453068,"Devin Williams",15816,642207
"Chris Martin","TEX",1,0,0,1,0,0.1,27.000028163224034,0,0,1,0.5,0,0,94.79487609863281,0,8.428720432268662,-2.81095253229794,-2.81095253229794,0.03596600686039633,"Chris Martin",11847,455119
"Keaton Winn","SFG",0,0,0,2,0,2,13.5,4.5,0,0,1,0.333333333,0,97.0522518157959,0,3.486767669663082,1.6890537261962892,3.0434540778398516,0.034900685243977735,"Keaton Winn",23499,676775
"Zach Agnos","COL",0,0,0,1,0,1.1,13.500003218651585,6.750001609325793,0,0,1,1,0,95.25654602050781,0,1.8433431792079138,2.4390535473823123,2.4390535473823123,0.03324613862559075,"Zach Agnos",31552,688642
"Cole Winn","TEX",0,0,0,1,0,1,18,9,0,0.5,1,0.5,0,93.48628743489583,0,2.1189522353048,2.1890537261962892,3.5434540778398516,0.031780471427765696,"Cole Winn",22113,668390
"Tyler Kinley","ATL",0,0,0,1,0,1,9,0,0,0,1,0.5,0,94.62240600585938,0,0.1639036341701096,1.1890537261962892,2.5434540778398516,0.030939738639597633,"Tyler Kinley",18297,641755
"Cionel Pérez","WSN",0,0,0,1,0,1,18,0,0,0,1,0,0,96.62658081054687,0,27.584877904698757,-0.8109462738037108,0.5434540778398516,0.0308589179999557,"Cionel Perez",19614,672335
"Kody Funderburk","MIN",0,1,0,2,0,1.1,13.500014081612017,6.750007040806008,0,0.6,0.75,0.8,0,,6.750007040806008,5.699207342535861,2.439052943884511,2.439052943884511,0.02756913847314853,"Kody Funderburk",24993,681892
"Wandy Peralta","SDP",0,0,0,2,0,1.1,0,0,0,0.42857142857142855,1,0.285714285,0,,0,3.1087897881049873,3.1890537261962897,5.2206547834428925,0.02744746086422659,"Wandy Peralta",14295,593974
"Brent Headrick","NYY",0,0,0,2,0,1.2,10.800004506113025,5.400002253056512,0,0.4,1,0.2,0,94.67705466530539,0,5.4517319374396,2.5890534758566766,5.839615676041463,0.02720877443130936,"Brent Headrick",27702,687396
"Alex Vesia","LAD",0,0,0,2,0,2,0,0,0,0.14285714285714285,1,0.285714285,0,91.94541579026442,0,1.8450107665298885,3.1890537261962892,5.220654253661633,0.026100325869565098,"Alex Vesia",25007,681911
"Cole Wilcox","SEA",0,0,0,1,0,1,9,0,0,0,1,0.5,0,96.6864013671875,0,0.012821875762318887,1.1890537261962892,2.5434540778398516,0.025497091147254607,"Cole Wilcox",27481,677961
"Taylor Rogers","MIN",0,0,0,1,0,1,9,0,0,0.3333333333333333,1,0,0,,0,2.995135773764313,1.1890537261962892,3.897854429483414,0.025430956270564544,"Taylor Rogers",13449,573124
"Kai-Wei Teng","HOU",1,0,0,1,0,2.1,7.714286765273879,3.8571433826369397,0,0.16666666666666666,1,0.333333333,0,94.50231323242187,0,1.9817734757424643,2.7604822392366293,4.501854357164333,0.02413351523098472,"Kai-Wei Teng",24282,678906
"Justin Slaten","BOS",0,1,0,2,0,1.1,20.250005280600377,13.50000352040025,0,0.5,0.66666667,0,0,96.69472045898438,0,4.940803640645913,3.1890537261962897,4.204854254819591,0.022371526343883865,"Justin Slaten",25648,686580
"Cole Sulser","TBR",0,0,0,1,0,2,9,4.5,0,0.2857142857142857,0.33333333,0.166666666,0,92.44425142728366,4.5,7.005856306460914,2.6890537261962892,6.075054605305195,0.022317773027610902,"Cole Sulser",15256,642121
"Tony Santillan","CIN",0,0,0,1,0,1,27,18,0,0,1,0,0,93.99140481387867,0,3.1476713905063693,3.1890537261962892,3.1890537261962892,0.022181560207613246,"Tony Santillan",19926,663574
"Eury Pérez","MIA",0,0,0,1,1,7,10.285714285714286,1.2857142857142858,2.5714285714285716,0.1875,0.9375,0.222222222,0.181818181,97.80778751816861,3.857142857142857,5.113728194752865,5.046196583339146,3.46025427877903,0.021934410291361426,"Eury Perez",27768,691587
"Brock Burke","CIN",0,0,0,1,0,0.1,0,0,0,0.5,1,0,0,94.63500213623047,0,9.067861829510417,3.1890537261962897,7.25225901938037,0.021902647379261495,"Brock Burke",17968,656271
"Graham Ashcraft","CIN",0,0,0,2,0,1.2,16.200006759169536,10.800004506113025,0,0.3333333333333333,0.66666667,0.666666666,0,,5.400002253056512,4.976191549331261,3.1890537261962892,3.1890537261962892,0.021836279464509157,"Graham Ashcraft",27552,668933
"Kyle Finnegan","DET",0,0,0,1,0,1,18,9,0,0,1,0,0,96.44954740084134,0,1.2963176779897738,2.1890537261962892,3.5434540778398516,0.02168202580136769,"Kyle Finnegan",15009,640448
"Tim Mayza","PHI",0,0,0,1,0,2,9,4.5,0,0.2,1,0.4,0,,0,2.2718567032881753,2.6890537261962892,4.043454077839852,0.020929278990077887,"Tim Mayza",15042,641835
"Cole Sands","MIN",0,0,1,1,0,1,18,9,0,0,1,1,0,94.20111955915179,0,1.6092781818230328,2.1890537261962892,2.1890537261962892,0.020565656134273056,"Cole Sands",21461,663485
"Matt Svanson","STL",0,0,0,2,0,1,0,9.000009387741345,0,0.625,0,0.25,0,,54.00005632644807,5.713884985479771,6.189056855443404,11.606663913022178,0.02018696257039346,"Matt Svanson",29629,694335
"Tommy Nance","TOR",0,0,0,1,0,1.1,6.750001609325793,0,0,0,1,1,0,,0,0.5014622371058125,1.6890533685683353,1.6890533685683353,0.020176029304975272,"Tommy Nance",19178,667297
"Chase Silseth","LAA",0,0,0,2,0,1,0,0,0,0,1,0.333333333,0,95.95339965820312,0,1.6639720310198098,3.1890537261962892,4.543455490590983,0.02000897581660447,"Chase Silseth",30074,681217
"Will Vest","DET",0,0,0,2,0,1.1,6.750001760200125,0,0,0,1,0.666666666,0,96.23755073547363,0,1.0675999386486912,1.6890533350407064,1.6890533350407064,0.01918584180605463,"Will Vest",19769,676684
"Robert Suarez","ATL",0,0,0,1,0,1,9,0,0,0.5,1,0.5,0,98.46063787286931,0,9.034875144310526,1.1890537261962892,1.1890537261962892,0.01898109827203418,"Robert Suarez",30115,663158
"Mason Miller","SDP",0,0,1,1,0,1,18,9,0,0,1,0,0,101.66821967230902,0,1.3295220131698948,2.1890537261962892,3.5434540778398516,0.018614854555993442,"Mason Miller",31757,695243
"Bryan King","HOU",0,0,0,2,0,2,13.5,4.5,0,0.4,0.75,0.6,0,92.2217658547794,4.5,3.943706625446257,3.1890537261962892,3.8662539020180704,0.017824905333685394,"Bryan King",25890,687911
"Yennier Cano","BAL",0,0,0,1,0,0.1,27.000028163224034,0,0,1,1,1,0,,0,2.8409642100206565,-2.81095253229794,-2.81095253229794,0.017693039515911817,"Yennier Cano",25911,666974
"Yaramil Hiraldo","BAL",0,0,0,1,0,0.1,27.000028163224034,0,0,0,1,0,0,,0,0,-2.81095253229794,-2.81095253229794,0.01766104080937572,"Yaramil Hiraldo",25215,682274
"Seranthony Domínguez","CHW",0,0,0,1,0,1,0,0,0,0.25,1,0,0,97.2965576171875,0,10.218765511142005,3.1890537261962892,7.252254781126976,0.017376369429122403,"Seranthony Dominguez",19249,622554
"Brent Suter","LAA",0,0,0,1,0,2,9,4.5,0,0,1,0.666666666,0,,0,1.5134737853411477,2.6890537261962892,3.3662539020180704,0.017292969817665947,"Brent Suter",13942,608718
"Grant Anderson","MIL",0,0,0,1,0,1,9,0,0,0,1,1,0,92.60850524902344,0,1.49143533136843,1.1890537261962892,1.1890537261962892,0.017129615783483404,"Grant Anderson",20546,681982
"Jordan Leasure","CHW",0,0,0,1,0,1,0,0,0,0,1,0,0,95.96883138020833,0,2.7132732619527324,3.1890537261962892,7.252254781126976,0.01688999960960726,"Jordan Leasure",29950,673929
"Pierce Johnson","CIN",0,1,0,2,0,1,0,0,0,0.5,0.66666667,0.2,0,95.40904083251954,9.000009387741345,13.970042767550737,3.1890537261962892,7.252259019380369,0.016636142149945708,"Pierce Johnson",13435,572955
"Cole Henry","WSN",0,0,0,1,0,1,9,0,0,0,1,0,0,94.75132533482143,0,0.004958909105668287,1.1890537261962892,3.897854429483414,0.016522185258604,"Cole Henry",27570,669371
"Alex Lange","KCR",0,0,0,1,0,1,9,0,0,0,1,1,0,94.79875183105469,0,0.7230896831109221,1.1890537261962892,1.1890537261962892,0.0164271366847764,"Alex Lange",19883,656638
"Caleb Kilian","SFG",0,0,0,1,0,1,9,0,0,0,1,1,0,98.61683146158855,0,0.30005634342088955,1.1890537261962892,1.1890537261962892,0.016320362855528264,"Caleb Kilian",26213,668873
"Phil Maton","CHC",0,0,0,1,0,0.2,13.500014081612017,0,0,0,1,1,0,,0,0.1074205800961313,0.18905059694917492,0.18905059694917492,0.015995866467584788,"Phil Maton",18064,664208
"Drew Pomeranz","LAA",0,0,0,1,0,1,0,0,0,0,1,0.333333333,0,93.19305419921875,0,3.249175246802232,3.1890537261962892,4.543454077839852,0.015158316521033135,"Drew Pomeranz",11426,519141
"Ryne Stanek","STL",1,0,1,2,0,2.1,11.571430147910819,11.571430147910819,0,0.5,0.66666667,0.5,0,98.45536702473959,3.8571433826369397,5.321376806695144,4.474768187075269,5.635682932360405,0.01472234427905562,"Ryne Stanek",15947,592773
"Casey Legumina","SEA",0,0,0,2,0,2,13.5,4.5,0,0.4,1,0.4,0,93.91614733244243,0,7.109885551390561,3.1890537261962892,4.543454077839852,0.014701040535349132,"Casey Legumina",25921,668984
"Ryan Walker","SFG",0,0,0,2,0,1.1,13.50000352040025,6.750001760200125,0,0.3333333333333333,1,0,0,,0,2.8237110639275573,2.439053530618498,4.470654587865101,0.01464640882194455,"Ryan Walker",20423,676254
"Shane Smith","CHW",0,1,0,1,1,1.2,10.800004119874618,10.800004119874618,0,0.42857142857142855,0.2,0.5,0,96.09967041015625,16.20000617981193,4.474652951141168,4.389054183960136,6.82697574691182,0.014276044638461995,"Shane Smith",31687,681343
"Joe Ross","ARI",0,0,0,1,0,1,0,0,0,0,1,0.333333333,0,,0,0.6032925114184936,3.1890537261962892,5.897854429483414,0.013942045212070778,"Joe Ross",12972,605452
"Braydon Fisher","TOR",0,0,0,1,0,0.2,0,0,0,0,1,1,0,,0,12.7060367724464,3.1890537261962897,3.1890537261962897,0.013614974772357862,"Braydon Fisher",24609,680755
"Sonny Gray","BOS",0,0,0,1,1,4,11.25,2.25,2.25,0.38461538461538464,0.53571429,0.714285714,0.333333333,92.3542646928267,6.75,8.980875649920701,4.689053726196289,2.454853989928961,0.013570496070108955,"Sonny Gray",12768,543243
"Justin Sterner","ATH",0,1,0,1,0,0.2,0,0,0,0.6,0.66666667,1,0,93.41512625558036,13.500014081612017,2.6139989509135906,3.1890537261962897,3.1890537261962897,0.013537540223115993,"Justin Sterner",27694,686993
"Luke Weaver","NYM",0,0,0,1,0,1,0,0,0,0.25,1,0.25,0,93.96968296595982,0,1.7388188007236263,3.1890537261962892,5.897854429483414,0.0132570002343246,"Luke Weaver",16918,596133
"Kevin Ginkel","ARI",0,1,0,1,0,1,0,0,0,0.4,0.5,0.6,0,94.25758192274306,9,7.083871993830093,3.1890537261962892,5.897854429483414,0.013174776309887174,"Kevin Ginkel",19876,656464
"Sean Newcomb","CHW",0,0,0,1,0,2.1,3.8571433826369397,3.8571433826369397,0,0.375,0.5,0.714285714,0,94.68034224076705,7.714286765273879,3.3665379178439707,3.617625213155949,3.617625213155949,0.013156882868046475,"Sean Newcomb",16943,656794
"Brennan Bernardino","COL",0,0,0,2,0,1,0,0,0,0.25,1,0.5,0,,0,5.575680610714087,3.1890537261962892,4.543455490590983,0.012171129439968354,"Brennan Bernardino",16835,657514
"Sam Bachman","LAA",0,0,0,1,0,1,27,18,0,0,1,0,0,,0,3.1476713905063693,3.1890537261962892,3.1890537261962892,0.01136363707013488,"Sam Bachman",29754,696147
"Caleb Thielbar","CHC",0,0,0,1,0,1,9,9,0,0,1,0,0,93.64327239990234,0,1.3734134800665114,4.189053726196289,6.897854429483414,0.0109645166983851,"Caleb Thielbar",10078,573204
"Aaron Bummer","ATL",0,0,0,1,0,0.2,0,0,0,0,1,0.333333333,0,91.88047790527344,0,8.445900782816713,3.1890537261962897,7.25225901938037,0.010046613488266982,"Aaron Bummer",16258,607481
"Angel Zerpa","MIL",0,0,0,1,0,1,0,0,0,0.5,1,0.5,0,,0,19.48352504892332,3.1890537261962892,3.1890537261962892,0.008414255869199208,"Angel Zerpa",22717,672582
"Tanner Banks","PHI",0,0,0,1,0,1,0,0,0,0.3333333333333333,1,0.666666666,0,91.84750366210938,0,3.5859247310682925,3.1890537261962892,4.543454077839852,0.008090970045515481,"Tanner Banks",16990,621383
"Jonathan Bowlan","PHI",0,0,0,1,0,1,0,0,0,0.25,1,0.25,0,98.14630126953125,0,1.2499852820636053,3.1890537261962892,7.252254781126976,0.007434564981952703,"Jonathan Bowlan",24607,680742
"Tim Herrin","CLE",0,0,0,1,0,0.2,0,0,0,0.5,1,0.75,0,94.03459930419922,0,1.9043213583757865,3.1890537261962897,3.1890537261962897,0.006345429594876582,"Tim Herrin",25139,682120
"Yoendrys Gómez","TBR",0,0,0,1,0,2,4.5,4.5,0,0.2857142857142857,1,0.285714285,0,95.0748779296875,0,4.477962759749543,3.6890537261962892,5.720654253661633,0.006043710035313231,"Yoendrys Gomez",22872,672782
"Garrett Cleavinger","TBR",0,1,0,1,0,0.1,0,0,0,0.6666666666666666,0,0.5,0,,54.00005632644807,19.315234223794292,3.1890537261962897,7.25225901938037,0.0058970368705700375,"Garrett Cleavinger",17897,664076
"Matt Brash","SEA",0,0,0,1,0,1,0,0,0,0.25,1,0,0,,0,19.070629092505033,3.1890537261962892,4.543454077839852,0.005719115743648313,"Matt Brash",25756,666374
"Jose A. Ferrer","SEA",0,0,0,1,0,0.2,0,0,0,0.5,1,0.25,0,,0,3.1260972888319865,3.1890537261962897,7.25225901938037,0.005444990940521833,"Jose A. Ferrer",24017,678606
"Chris Roycroft","STL",0,0,0,1,0,0.1,0,0,0,0.75,0.66666667,0.75,0,,27.000028163224034,2.6975947122456363,3.1890537261962897,3.1890537261962897,0.005262660261885879,"Chris Roycroft",31261,688297
"DL Hall","MIL",0,0,0,2,0,2,18,13.5,0,0.5,1,1,0,94.14620208740234,0,4.4173853447424065,3.6890537261962892,3.6890537261962892,0.0052614307221965535,"DL Hall",22207,669084
"Drew Rasmussen","TBR",0,0,0,1,1,5,3.6,0,1.8,0.17647058823529413,1,0.611111111,0.2,95.78805409307066,1.8,2.7227102989910223,4.989053726196289,3.7434540778398517,0.00487456925444479,"Drew Rasmussen",25385,656876
"Yusei Kikuchi","LAA",0,0,0,1,1,4.1,6.230769687855771,2.076923229285257,2.076923229285257,0.4117647058823529,0.92105263,0.444444444,0.166666666,95.16936178768383,4.153846458570514,5.3792666839202266,5.496746203179908,4.372069684488293,0.0039610968252800395,"Yusei Kikuchi",20633,579328
"Matt Gage","SFG",0,0,0,2,0,2,4.5,4.5,0,0,1,0.75,0,93.26299794514973,0,2.6688463385587693,3.6890537261962892,4.36625390201807,0.003692239771010527,"Matt Gage",17381,657424
"Dietrich Enns","BAL",0,0,0,1,0,1.2,5.400002059937309,5.400002059937309,0,0.2,0.5,0.2,0,93.59962972005208,5.400002059937309,6.268276286954809,3.7890539550782125,6.226975518029897,0.003079922657223396,"Dietrich Enns",13932,608650
"Erik Miller","SFG",0,0,0,2,0,1.2,5.400002253056512,5.400002253056512,0,0.2,1,0.8,0,96.98368225097656,0,4.7969986897422325,3.789053976535902,3.789053976535902,0.002072697074603961,"Erik Miller",26252,669062
"Paul Sewald","ARI",0,0,0,1,0,0.1,0,0,0,0,1,0,0,92.6984354654948,0,35.32398496287711,3.1890537261962897,7.25225901938037,0.0019070949291982988,"Paul Sewald",13892,623149
"Chris Murphy","CHW",0,0,0,1,0,1,9,9,0,0,1,1,0,97.51519775390625,0,4.869864258036169,4.189053726196289,4.189053726196289,0.00013477063600232588,"Chris Murphy",26214,669684
"Grant Taylor","CHW",0,0,0,1,0,1,9,9,0,0.5,0.66666667,0.25,0,98.98957963423295,9,3.277794866789762,4.189053726196289,6.897854429483414,0.0000631577142575086,"Grant Taylor",33927,691799
"Ian Seymour","TBR",0,0,0,1,0,0,0,0,0,1,0,0.2,0,91.76972198486328,45,18.289843994717998,3.1890537261962892,4.543454077839852,0,"Ian Seymour",27932,693855
"Mason Fluharty","TOR",0,0,0,1,0,0,0,0,0,1,0,1,0,,18,1.4700653978313776,3.1890537261962892,3.1890537261962892,0,"Mason Fluharty",31553,689254
"PJ Poulin","WSN",0,0,0,1,0,1,0,9,0,0.25,1,0.25,0,90.08758544921875,0,3.8366029233794237,6.189053726196289,8.897854429483413,-0.0010739214119675317,"PJ Poulin",23394,676571
"Dennis Santana","PIT",0,0,0,2,0,2,4.5,9,0,0,1,0.5,0,93.70748901367188,0,5.015865472554135,5.189053726196289,5.86625390201807,-0.0011631871597778914,"Dennis Santana",17878,642701
"David Morgan","SDP",0,0,0,2,0,2,4.5,9,0,0.2857142857142857,1,0.571428571,0,97.92840810922476,0,5.708016305190996,5.189053726196289,6.543454077839852,-0.001975539324828986,"David Morgan",31616,688158
"Spencer Miles","TOR",1,0,0,1,0,1,9,9,0,0,1,0.5,0,97.90690104166667,0,1.7791309317826023,4.189053726196289,5.543454077839852,-0.0021580508165183884,"Spencer Miles",31621,693686
"Danny Coulombe","BOS",0,0,0,1,0,0.2,13.500014081612017,13.500014081612017,0,0.5,1,0,0,90.40464782714844,0,7.262237458422228,4.689055290819847,6.720657937411887,-0.0036408772292494704,"Danny Coulombe",13293,543056
"Louis Varland","TOR",0,0,0,2,0,2,9,9,0,0.5,0.75,0.75,0,97.97048514229911,0,6.433287496524181,4.189053726196289,4.189053726196289,-0.003749131587411977,"Louis Varland",27691,686973
"Robert Garcia","TEX",0,0,0,1,0,0.2,13.500014081612017,13.500014081612017,0,0.5,0,0.5,0,94.32545776367188,0,7.3642759215266045,4.689055290819847,6.720657937411887,-0.003920250191146699,"Robert Garcia",23363,676395
"Ben Casparius","LAD",0,0,0,1,0,0.2,13.500014081612017,13.500014081612017,0,0.5,1,0,0,95.84370561079545,0,7.1614416767957,4.689055290819847,6.720657937411887,-0.004210299219126806,"Ben Casparius",30085,676508
"George Kirby","SEA",1,0,0,1,1,6,9,3,1.5,0.08333333333333333,1,0.615384615,0.25,96.1627227038872,1.5,2.8918188725465632,4.855720392862956,3.5919872939586646,-0.004513894975913785,"George Kirby",25436,669923
"Emmet Sheehan","LAD",0,0,0,1,1,3.1,16.20000154495254,5.40000051498418,2.70000025749209,0.5714285714285714,0.53571429,0,0.25,94.41795518663194,10.80000102996836,5.826379250197214,5.289053926467915,3.0143341315060055,-0.004980571450307387,"Emmet Sheehan",29839,686218
"Carter Baumler","TEX",0,0,0,1,0,1,9,9,0,0.3333333333333333,1,0.333333333,0,95.71005588107639,0,3.5178445990120757,7.189053726196289,9.897854429483413,-0.006293590351982563,"Carter Baumler",30231,691945
"Bryan Hudson","CHW",0,0,0,1,0,0.2,27.000028163224034,27.000028163224034,0,1,0.75,1,0,91.55768694196429,13.500014081612017,4.412405921317462,6.189056855443404,6.189056855443404,-0.008050440225154932,"Bryan Hudson",19924,663542
"Ryan Watson","BOS",0,0,0,1,0,2.1,3.8571433826369397,11.571430147910819,0,0,1,0.5,0,93.997412109375,0,3.650482088988269,6.189054134913909,7.930426252841612,-0.009945462110172295,"Ryan Watson",27853,670245
"Luis Medina","ATH",0,1,0,1,0,0.1,27.000028163224034,27.000028163224034,0,1,0.5,0,0,98.53232828776042,0,9.461089805629218,6.189056855443404,6.189056855443404,-0.013024515751888933,"Luis Medina",21649,665622
"Hoby Milner","CHC",0,0,0,1,0,1,0,0,0,0.25,1,0.5,0,,0,6.221691762555763,6.189053726196289,7.5434540778398524,-0.01366005673436297,"Hoby Milner",13346,571948
"Zach Pop","PHI",0,0,0,1,0,1,0,9,0,0,1,0.666666666,0,95.77960205078125,0,5.69555172728911,6.189053726196289,7.5434540778398524,-0.014344542492882162,"Zach Pop",20185,647315
"Anthony Banda","MIN",1,0,0,1,0,0.2,27.000028163224034,13.500014081612017,0,0,1,0,0,93.3855692545573,0,5.423411111082242,6.189056855443404,6.189056855443404,-0.014675651168986902,"Anthony Banda",14706,607455
"Michael Lorenzen","COL",0,0,0,1,1,4.1,8.307692917141027,0,2.076923229285257,0.4,0.78947368,0.5,0.333333333,93.51994018554687,6.230769687855771,7.0914421230502755,5.72751545087827,3.6651770814931104,-0.015332666596368016,"Michael Lorenzen",14843,547179
"Andre Granillo","WSN",0,0,0,1,0,0.2,0,13.500014081612017,0,0.3333333333333333,0,0,0,94.49851684570312,27.000028163224034,23.17393941543484,7.689058420066962,9.720661066659002,-0.015515773792336209,"Andre Granillo",29542,701552
"Elvis Alvarado","ATH",0,0,0,1,0,1,18,18,0,0.5,0.33333333,1,0,98.18955485026042,18,3.1295822052508226,5.189053726196289,5.189053726196289,-0.0157333175525277,"Elvis Alvarado",21662,665660
"Tyler Holton","DET",0,0,0,1,0,0.2,0,13.500014081612017,0,0,1,0.5,0,92.12343343098958,0,3.5876442594048426,7.689058420066962,9.720661066659002,-0.018814621212535264,"Tyler Holton",26231,663947
"Kyle Bradish","BAL",0,1,0,1,1,4.2,7.714286765273879,5.7857150739554095,1.9285716913184698,0.09090909090909091,0.55555556,0.416666666,0.142857142,,3.8571433826369397,2.365339977220234,6.189054134913909,5.434940273925107,-0.01906279314909911,"Kyle Bradish",24586,680694
"Fernando Cruz","NYY",0,0,0,1,0,0.2,0,13.500014081612017,0,0,1,0.5,0,93.94192504882812,0,3.3065947968308174,7.689058420066962,9.720661066659002,-0.021818979834958875,"Fernando Cruz",7048,518585
"Eduard Bazardo","SEA",0,0,0,2,0,1.2,10.800004506113025,16.200006759169536,0,0.25,0.75,0,0,,5.400002253056512,4.318620538830599,6.189054977894352,7.814336077986745,-0.02199186075107694,"Eduard Bazardo",20997,660825
"Reynaldo López","ATL",0,0,0,1,1,6,4.5,3,1.5,0.125,1,0.294117647,0.111111111,94.48451791158537,1.5,4.311401808090798,5.355720392862956,5.220654253661634,-0.022244752567093663,"Reynaldo Lopez",16400,625643
"David Bednar","NYY",0,0,2,2,0,2,4.5,9,0,0.2,1,0.8,0,96.56339372907367,0,6.1838445966425315,5.189053726196289,5.189053726196289,-0.026034306605200924,"David Bednar",19569,670280
"Hogan Harris","ATH",0,0,0,2,0,2,0,9.000004559757636,0,0.25,1,0.5,0,95.64965239025298,0,2.771092037142471,6.189055246115501,8.897857321788702,-0.026342914854729747,"Hogan Harris",21520,663687
"Clayton Beeter","WSN",0,0,0,1,0,1,9,18,0,0,1,1,0,96.32151100852273,0,6.8184359129871694,7.189053726196289,7.189053726196289,-0.02661370427139133,"Clayton Beeter",27494,690925
"Freddy Peralta","NYM",1,0,0,1,1,5,12.6,0,3.6,0.3333333333333333,0.625,0.5,0.5,94.68492713341347,7.2,2.4819352383192554,5.589053726196289,1.472574007511139,-0.028051851187873598,"Freddy Peralta",18679,642547
"Joel Payamps","ATL",0,0,0,1,0,0.1,0,27.000028163224034,0,0.5,0.5,0.5,0,94.5452880859375,0,18.215802383662197,12.189063113937635,16.25226840712171,-0.029200886562880505,"Joel Payamps",14332,606303
"Brady Singer","CIN",0,0,0,1,1,4,11.25,4.5,2.25,0.36363636363636365,0.75757576,0.416666666,0.25,,6.75,7.18874445034175,6.189053726196289,4.293454077839852,-0.029332845999023277,"Brady Singer",25377,663903
"Lucas Erceg","KCR",0,0,0,1,0,1,0,9,0,0.3333333333333333,1,1,0,98.97505187988281,0,3.8114323430856745,6.189053726196289,6.189053726196289,-0.031521776452657746,"Lucas Erceg",19360,668674
"Isaac Mattson","PIT",0,0,0,1,0,0.2,13.500014081612017,27.000028163224034,0,0.75,0.6,0.5,0,95.013671875,27.000028163224034,8.490752238310803,9.18905998469052,11.22066263128256,-0.031912733062960115,"Isaac Mattson",20385,676755
"Nathan Eovaldi","TEX",0,1,0,1,1,4.2,13.50000183922929,0,3.8571433826369397,0.46153846153846156,0.57692308,0.466666666,0.4,94.65463692801339,9.64285845659235,2.761165113481757,5.760482647954249,1.640196749085089,-0.03229922844943482,"Nathan Eovaldi",9132,543135
"Mason Montgomery","PIT",0,0,0,1,0,1.1,13.500003218651585,20.250004827977378,0,0.3333333333333333,0.5,0.333333333,0,98.58214393028847,13.500003218651585,9.638860268994826,6.939054620266174,8.970655632102943,-0.0324134470643692,"Mason Montgomery",29770,682254
"Andrew Hoffmann","ARI",0,0,0,1,0,1.2,0,10.800004119874618,0,0.2,1,0.4,0,95.12084147135417,0,7.356790458826869,8.5890557861336,10.214336828101388,-0.032464682556219614,"Andrew Hoffmann",29633,694851
"Jake Woodford","MIL",0,0,0,1,0,1,27,0,9,0,1,0,1,,9,5.259281272285957,10.189053726196288,-1.4565459221601484,-0.032603047939597146,"Jake Woodford",18674,663765
"Mark Leiter Jr.","ATH",0,0,0,1,0,0.2,0,0,0,0.5,0.66666667,0.75,0,91.73269653320312,13.500014081612017,11.93284803575633,7.689058420066962,7.689058420066962,-0.033991226482699616,"Mark Leiter Jr.",15551,643410
"Eric Orze","MIN",0,0,0,1,0,1.1,0,6.750001609325793,0,0,1,0.25,0,91.63299560546875,0,1.3502156563676269,5.43905426263822,8.486455780393374,-0.036391305783573025,"Eric Orze",27626,679358
"Matthew Liberatore","STL",0,0,0,1,1,5,3.6,3.6,1.8,0.3157894736842105,1,0.35,0.1,93.91527478448276,1.8,3.175899843173124,6.189053726196289,6.297854429483413,-0.04082614650143097,"Matthew Liberatore",22294,669461
"Aaron Nola","PHI",0,0,0,1,1,5,12.6,3.6,3.6,0.2727272727272727,0.95238095,0.307692307,0.333333333,91.89769071691177,5.4,6.747829279311402,6.78905372619629,3.214334148168564,-0.04154107751267952,"Aaron Nola",16149,605400
"Walbert Urena","LAA",0,1,0,2,0,1.2,10.800004506113025,16.200006759169536,0,0.5,0.25,0.7,0,98.58651515415737,0,6.751294193391601,6.189054977894352,7.001695527940548,-0.042640097114190915,"Walbert Urena",29357,700712
"Ron Marinaccio","SDP",0,0,0,1,0,2,9,0,4.5,0.3333333333333333,0.625,0.714285714,0.5,93.8110018643466,9,4.226039462369998,7.689053726196289,2.5434540778398516,-0.04396305737591072,"Ron Marinaccio",23488,676760
"Miles Mikolas","WSN",0,1,0,1,1,5,7.2,5.4,1.8,0.29411764705882354,0.39473684,0.333333333,0.1,92.31449196555398,7.2,2.6842356751222156,5.989053726196289,6.097854429483414,-0.04661138559654582,"Miles Mikolas",9803,571945
"Tobias Myers","NYM",0,0,0,1,0,3,3,0,3,0,1,0.444444444,0.2,92.40961162860577,3,1.0231792421916923,6.855720392862956,4.77972097893556,-0.04689084340350285,"Tobias Myers",22191,668964
"Jordan Hicks","CHW",0,0,0,1,0,0.2,0,54.00005632644807,0,0.6666666666666666,0.5,0.666666666,0,,40.50004224483605,16.27076504345969,21.18907250167898,23.220675148271017,-0.04897453223575196,"Jordan Hicks",19618,663855
"Ben Brown","CHC",0,0,0,1,0,3.1,8.10000077247627,2.70000025749209,2.70000025749209,0.25,0.76923077,0.555555555,0.25,96.38222434303977,5.40000051498418,2.520286801569496,6.189054012298612,3.914334217336702,-0.05561115194639946,"Ben Brown",23590,676962
"Paul Skenes","PIT",0,1,0,1,1,0.2,13.500014081612017,27.000028163224034,0,0.8,0.28571429,0.2,0,98.44774451622597,67.50007040806008,6.138250614962299,13.689064678561191,19.78387261833731,-0.06189518953465979,"Paul Skenes",33677,694973
"Roddery Muñoz","HOU",0,0,0,1,0,0.2,0,40.50004224483605,0,0,1,0.5,0,96.0933329264323,0,10.143315004383185,16.689067807808307,18.720670454400345,-0.0623612892427689,"Roddery Munoz",25311,682610
"Ryan Weiss","HOU",0,0,0,1,0,1,18,9,9,0.5,1,0,0.5,95.95269305889423,9,8.534043500596486,15.189053726196288,4.897854429483414,-0.06528395014480745,"Ryan Weiss",24621,680802
"José Buttó","SFG",0,0,0,1,0,0.2,27.000028163224034,0,13.500014081612017,1,1,0,1,95.06640014648437,13.500014081612017,36.97505326964887,16.689067807808307,-0.7793498857059,-0.0683348753980639,"Jose Butto",23313,676130
"Justin Bruihl","STL",0,0,0,1,0,0.1,0,27.000028163224034,0,0.5,0,0.5,0,,54.00005632644807,17.77785549685445,12.189063113937635,12.189063113937635,-0.07162004634014897,"Justin Bruihl",23779,677865
"Bryan Abreu","HOU",0,0,0,1,0,1,27,18,9,0,0,0,1,95.7865498860677,27,4.75057683829668,16.18905372619629,4.543454077839852,-0.07205473167324135,"Bryan Abreu",16609,650556
"Mike Burrows","HOU",0,1,0,1,1,5.2,9.529412833877208,3.176470944625736,3.176470944625736,0.4375,0.73170732,0.277777777,0.2,94.60113525390625,7.94117736156434,3.997202191978256,6.718465886891551,4.520348613758075,-0.07278004692989427,"Mike Burrows",24728,681347
"Connor Brogdon","CLE",1,0,1,2,0,2,13.5,0,4.5,0.25,0,0.4,0.333333333,94.57213416466347,4.5,10.350509581499143,6.689053726196289,2.2206542536616327,-0.07375486651777867,"Connor Brogdon",21205,641401
"Kyle Backhus","PHI",0,0,0,1,0,0.1,0,0,27.000028163224034,0.6666666666666666,0,0.5,1,,81.0000844896721,40.431499777044294,42.189094406408785,7.25225901938037,-0.07441219811144428,"Kyle Backhus",29615,679775
"Jacob Webb","CHC",0,0,0,2,0,2,9,9,4.5,0,0.625,0.6,0.5,93.56272259880515,0,16.008540021696945,10.689053726196288,5.543454077839852,-0.07490237285602494,"Jacob Webb",19274,657097
"Jeremiah Estrada","SDP",0,1,0,1,0,0.2,27.000028163224034,40.50004224483605,0,1,0,1,0,96.45941162109375,54.00005632644807,5.737219274982752,10.689061549314077,10.689061549314077,-0.07558894504953781,"Jeremiah Estrada",22210,669093
"Joey Lucchesi","LAA",0,0,0,1,0,0.1,0,54.00005632644807,0,0.75,0.6,0.75,0,91.95417785644531,54.00005632644807,14.91924916064555,21.18907250167898,25.252277794863055,-0.07778883601480005,"Joey Lucchesi",19320,664192
"Andrés Muñoz","SEA",0,1,0,2,0,2,13.5,0,4.5,0.4,0,0.6,1,97.97558038884944,9,3.9905050427984072,6.689053726196289,0.8662539020180704,-0.08136262589378312,"Andres Munoz",20373,662253
"Gavin Williams","CLE",0,1,0,1,1,5,12.6,10.8,1.8,0.125,0.75757576,0.333333333,0.166666666,97.75601932920259,5.4,4.276587656664473,6.589053726196289,5.614334148168564,-0.08156655954067267,"Gavin Williams",30122,668909
"Tyler Gilbert","CHW",0,0,0,1,0,1,0,9,9,0.25,0.625,0.4,0.333333333,,18,43.301136465664044,19.18905372619629,10.252254781126975,-0.08332075052126313,"Tyler Gilbert",17964,656457
"Zac Gallen","ARI",0,1,0,1,1,4,4.5,4.5,2.25,0.2857142857142857,0.53571429,0.533333333,0.333333333,94.66096540178572,9,11.746544606447886,6.939053726196289,4.704853989928961,-0.0835392566154698,"Zac Gallen",19291,668678
"Jeff Hoffman","TOR",1,0,0,1,0,1,36,0,9,0,1,0,1,97.74600219726562,9,5.604543104751236,8.189053726196288,-3.4565459221601484,-0.08486525910546261,"Jeff Hoffman",17432,656546
"Jedixson Paez","CHW",0,0,0,2,0,1.2,0,10.800004312993819,5.400002156496909,0.16666666666666666,0.38461538,0.571428571,0.333333333,92.1040547688802,16.200006469490727,7.668567981373022,14.589058278800874,9.226976770406033,-0.08680585769214398,"Jedixson Paez",29114,699151
"AJ Blubaugh","HOU",0,1,0,1,0,2.1,11.571430147910819,0,3.8571433826369397,0.2,1,0.166666666,0.2,96.56487746465774,3.8571433826369397,2.3642840606683233,6.189054134913909,3.5199116676511686,-0.08956640281536805,"AJ Blubaugh",31764,805123
"Ken Waldichuk","WSN",0,0,0,1,0,1.1,13.500003218651585,13.500003218651585,6.750001609325793,0.5,0.83333333,0.5,1,93.97718098958333,13.500003218651585,17.395700797158124,14.439056408405943,5.704854589742628,-0.09076891665345806,"Ken Waldichuk",27681,686610
"Drew Anderson","DET",0,0,0,1,0,1.1,0,13.500003218651585,6.750001609325793,0.2,1,0.333333333,0.5,94.32359619140625,6.750001609325793,34.39963443539459,17.43905712366185,9.72065581091692,-0.0979912554974875,"Drew Anderson",15130,623454
"Colin Holderman","CLE",0,0,0,1,0,1,9,9,9,0,0,0.333333333,0.5,96.54019927978516,18,17.510583926499223,17.18905372619629,6.897854429483414,-0.09800264281602127,"Colin Holderman",22361,670059
"Christian Roa","HOU",0,0,0,1,0,1,9,18,9,0,1,0.333333333,0.5,96.05916922433036,9,29.756716668785796,20.18905372619629,9.897854429483413,-0.10342305940107928,"Christian Roa",27662,685005
"Ryan Borucki","SFG",0,0,0,2,0,1.2,5.400002253056512,5.400002253056512,5.400002253056512,0,1,0.6,0.5,,5.400002253056512,5.206549236854324,11.589057230950864,5.414335076628295,-0.10411508806533754,"Ryan Borucki",16350,621366
"Greg Weissert","BOS",0,0,0,1,0,1,18,9,9,0.5,1,0,0.5,93.7081298828125,9,36.79541909457487,15.189053726196288,4.897854429483414,-0.10738013295191096,"Greg Weissert",20375,669711
"Cooper Criswell","SEA",0,0,0,1,0,1,9,9,9,0,1,0.5,1,,9,42.39982792307176,17.18905372619629,5.543454077839852,-0.1104775617530123,"Cooper Criswell",24975,681867
"Taylor Clarke","ARI",0,0,0,1,0,0.1,0,0,27.000028163224034,0.6666666666666666,0,0,0.5,95.90534973144531,108.00011265289614,530.1672857861444,51.18910379415013,20.31547370030579,-0.11346728062179812,"Taylor Clarke",17611,664199
"Emilio Pagán","CIN",0,0,0,1,0,1.1,13.500003218651585,0,6.750001609325793,0,1,0,0.5,94.85092995383523,6.750001609325793,4.56470083215057,9.939055335522081,2.2206540227771514,-0.13677731346536984,"Emilio Pagan",14771,641941
"Ryne Nelson","ARI",0,0,0,1,1,4.2,7.714286765273879,5.7857150739554095,3.8571433826369397,0,0.45454545,0.25,0.25,96.9012920673077,7.714286765273879,9.248075970243864,8.974768800151699,5.725168960246391,-0.1599584620482898,"Ryne Nelson",26253,669194
"Shawn Armstrong","CLE",0,0,0,2,0,2,13.500006839636454,4.500002279878818,4.500002279878818,0,1,0.666666666,1,93.772119140625,4.500002279878818,10.77826448637535,8.189056259394976,2.3662534851549837,-0.16603076348296675,"Shawn Armstrong",12857,542888
"Tanner Bibee","CLE",0,0,0,1,1,5,12.6,3.6,5.4,0.125,1,0.363636363,0.75,94.96265587439903,5.4,7.160093906155011,9.38905372619629,2.6725740075111393,-0.19662106224122394,"Tanner Bibee",30134,676440
"Justin Lawrence","PIT",0,0,0,2,0,1.2,10.800004506113025,10.800004506113025,10.800004506113025,0,1,0.2,0.5,94.70536549886067,10.800004506113025,19.989992427506156,19.98906073570544,7.639616427060301,-0.24548256214371583,"Justin Lawrence",17639,664875
"Juan Morillo","ARI",0,1,0,2,0,1.2,5.400002253056512,10.800004506113025,5.400002253056512,0.2,0.76923077,0.5,0.333333333,99.1614990234375,10.800004506113025,9.80027523475031,13.389057981969703,8.02697637769333,-0.2593677487638801,"Juan Morillo",21924,666661
"Carlos Estévez","KCR",0,1,0,1,0,0.1,0,54.00005632644807,27.000028163224034,0.75,0,0,0.5,91.25673828125,162.0001689793442,28.279395895497018,60.18911318189147,29.315483088047134,-0.26153502636183495,"Carlos Estevez",14542,608032
"Brendon Little","TOR",0,0,0,1,0,0.2,27.000028163224034,13.500014081612017,13.500014081612017,1,0,0.5,1,96.20395914713542,40.50004224483605,11.435051480101855,21.18907250167898,3.720654808164772,-0.26891823620062233,"Brendon Little",21574,663893
"Cristian Javier","HOU",0,0,0,1,1,4.2,1.9285716913184698,7.714286765273879,3.8571433826369397,0.16666666666666666,0.55555556,0.461538461,0.285714285,92.50682114109848,11.571430147910819,6.659337100660328,12.18905495234915,8.649226426122556,-0.273602909958671,"Cristian Javier",17606,664299
"Cole Ragans","KCR",0,1,0,1,1,4,11.25,9,6.75,0.3333333333333333,1,0.333333333,0.5,94.52476128472222,9,8.35984369312381,13.439053726196288,5.720654253661633,-0.279409394218454,"Cole Ragans",21846,666142
"Griffin Jax","TBR",0,1,0,2,0,1,0,9.000009387741345,9.000009387741345,0.25,0,0.25,0.333333333,97.12950134277344,18.00001877548269,25.765753853927823,19.189070415514234,10.252262148627484,-0.3852748776234706,"Griffin Jax",20253,643377
"Michael Kelly","ATH",0,0,0,1,0,1.1,6.750001609325793,0,6.750001609325793,0.25,1,0,1,95.73253377278645,6.750001609325793,12.46690076320661,11.439055693150035,2.7048538744867203,-0.4347546734886323,"Michael Kelly",12791,547184
"Hunter Barco","PIT",0,1,0,1,0,1,0,9,9,0.4,0.27777778,0.5,0.5,94.93489583333333,18,18.28551587680406,22.18905372619629,11.897854429483413,-0.47415912453272274,"Hunter Barco",33174,682995